musical_title,rate,review_title,review_text,review_date
뮤지컬 드라큘라 (Dracula：The Musical),5,오랜만에 대극장,너무 재밌었고 뒷자리였지만 배우님들의 에너지가 느껴졌어요!!,2021.08.26
뮤지컬 드라큘라 (Dracula：The Musical),5,최고의 드라큘라,류정한 드라큘라 조정은 미나 잊지 못할 순간이었습니다,2021.06.24
뮤지컬 드라큘라 (Dracula：The Musical),5,류큘!!! 류큘! 최고!!!!!,여러분 류큘!!! 류큘입니다!!!!!,2020.12.09
뮤지컬 드라큘라 (Dracula：The Musical),5,동큘돌아와,외모성대기럭지 완벽한 드큘 4연존버합니다,2020.11.25
뮤지컬 드라큘라 (Dracula：The Musical),5,재밌게 잘 봤습니다.,좌석이 1층 사이드쪽이라 잘 안보일까 걱정했는데생각보다 잘 보였습니다.연기는 당연히 믿고 보는..,2020.11.04
뮤지컬 드라큘라 (Dracula：The Musical),5,또 보고싶어요,제게 최고의 뮤지컬입니다,2020.10.25
뮤지컬 드라큘라 (Dracula：The Musical),5,그리워요 샤큘,언젠가 또 볼 수 있겠죠,2020.10.05
뮤지컬 드라큘라 (Dracula：The Musical),5,샤큘 사랑해요,샤큘샤큘 너무 그립습니다한번 더 보고싶어요 ㅠㅠ,2020.10.05
뮤지컬 드라큘라 (Dracula：The Musical),5,드라큘라 너무 사랑합니다,한번 더 해주세요 제발 ㅠㅠ,2020.10.05
뮤지컬 드라큘라 (Dracula：The Musical),5,샤큘 못잊어요,4달이 지났지만 아직도 못잊어요또 보고싶네요 ㅠㅠ,2020.10.05
뮤지컬 드라큘라 (Dracula：The Musical),5,류큘 또 보고 싶네요,계속 생각나요~~~ 끝나서 너무 아쉬워요ㅠㅠ,2020.09.21
뮤지컬 드라큘라 (Dracula：The Musical),5,내사랑 류정한,류정한은 진짜 1000년동안 잠들어있던 드라큘라그자체입니다 ...멋져요..성숙한 드라큘라 제가 물리고 싶어요,2020.09.17
뮤지컬 드라큘라 (Dracula：The Musical),5,샤큘,샤큘은 진짜 드라큘라 그자체,2020.09.17
뮤지컬 드라큘라 (Dracula：The Musical),5,4연이 언제 올까 기다려져요..,"정말 2번 봤는데 왜 더 많이, 빨리 보지 않았는지 후회만 됩니다ㅠㅠㅠ다음 4연이 오면 동큘을 꼭 보고싶네요! 류큘도 보면서 정말 멋지고 온 몸에 짜릿짜릿한 느낌 들었고 넘버 맛집 드라큘라 라는 이름 답게 넘버들도 너무 좋았어요..공연은 끝났지만 DVD 내주셨으면 좋겠다라는 마음 가져봅니다..",2020.08.30
뮤지컬 드라큘라 (Dracula：The Musical),5,너무 잼써요ㅠㅠㅠ,너무 잼써요ㅠㅠㅠ,2020.08.19
뮤지컬 드라큘라 (Dracula：The Musical),4,아쉬웠지만 더 못봐서 아쉬웠던,생각보다 쬐끔 아쉬워서 한 번 보고 말았는데 전캐 찍었어야했어요ㅠㅠㅠ 뒤늦게 넘버 생각나고 아른거리고.. 역시 넘버 맛집 드큘ㅠ 무대도 너무 멋있었고 샤롯데 시야도 최고였어요,2020.08.17
뮤지컬 드라큘라 (Dracula：The Musical),5,멋진 만남,김준수씨의 정열과 다른출연진분들의 멋진호흡이 훌 륭한공연이었습니다,2020.08.14
뮤지컬 드라큘라 (Dracula：The Musical),5,역시 최고,"아쉽네요 ㅠ 류정한 배우님, 조정은 배우님이 마지막이라는게 ㅠㅠ",2020.08.05
뮤지컬 드라큘라 (Dracula：The Musical),5,전동석은 신이어라,말 그대로 그는 드라큘라의 환생입니다,2020.08.01
뮤지컬 드라큘라 (Dracula：The Musical),4,좋았습니다,극 자체가 주는 황홀감이 있었습니다,2020.08.01
뮤지컬 드라큘라 (Dracula：The Musical),5,와..,와..김준수배우님 정말 드라큘라 그 자체네요..너무 멋있어요,2020.07.31
뮤지컬 드라큘라 (Dracula：The Musical),5,그리운 샤라큘라..,"열심히도 보러 다녔던 샤라큘라... 이번엔 어떤 탈선개그 애드립을 선보일지 기대감에 부풀어 샤롯데를 찾아다녔던 좋은 추억이 있네요 후기가 많이 늦었지만, 몇년 뒤 또 새로운 샤라큘라를 만날날을 기대 해 봅니다!",2020.07.24
뮤지컬 드라큘라 (Dracula：The Musical),3,실수연발 .. 실망스러웟으나 극자체는 웰메이드,실수가 있어서 집중도 확깨졌음..1막이 너무 별로였ㅇ ㅁ...,2020.07.23
뮤지컬 드라큘라 (Dracula：The Musical),5,샤큘 너무 좋았어요 ㅠㅠ,다시 만날수 있겠죠ㅜㅜ꼭 다시 봐요 샤차 ㅠㅠ ♥,2020.07.22
뮤지컬 드라큘라 (Dracula：The Musical),5,전동석 배우 얼굴과 천장뚫는 성량으로 서사완성 시키는극,빠져서 정말 많이 봤습니다 다들 서사가 엉망이다 어쩐다 하지만 사실 서사 탄탄한 뮤지컬은 찾기 힘들죠 개인의 상상력으로 덧붙여가면서 보는 재미. 전동석 배우 얼굴로 일단 드라큘라 서사는 반쯤 채워집니다. 노래는 워낙 잘하는거 유명하기때문에 저음곡에서도 샤롯데 뚜껑 날리는 저력. 정말 좋았습니다. 미나 임혜영 배우 조정은 배우도 너무 좋게 봤어요. 특히 전 임혜영 배우님의 절절한 눈물 연기가 좋았습니다. 비쥬얼 합도 좋고요. 조정은 배우님도 너무너무 잘하고 눈물 후두둑...... 조나단 역 맡은 진태화배우님 이충주배우님 너무 좋았습니다. 이충주 배우님 썸머는 다시 듣고 싶네요. 렌필드 역할의 김도현님!! 정말 최고였습니다,2020.07.20
뮤지컬 드라큘라 (Dracula：The Musical),5,??,조정은 배우님의 대사가 가슴속에 콕콕박혀왔다. 그래서 더욱 내용에 집중할 수 있었고 처음 봤을때는 이해되지 못했던부분들이 두번째로 본 조정은 배우님의 연기를통해 미나의 거부하고 싶지만 거부할 수 없는 심정이 점점 더 이해될 수 있었다. 사연때도 조정은 배우님 돌아와주세요ㅠ 다른작품으로라도 꼭 보고싶습니당ㅠㅠ!!,2020.07.17
뮤지컬 드라큘라 (Dracula：The Musical),5,샤큘 볼수있어 행복했어요,샤큘 볼수있어 행복했어요코로나 심하지 않을때 겟하길 너무 잘했지 뭐에요,2020.07.16
뮤지컬 드라큘라 (Dracula：The Musical),3,뭔가 산만...,내용도 연기도 이게 뭐지? 싶을 정도로 산만했습니다,2020.07.11
뮤지컬 드라큘라 (Dracula：The Musical),5,역쉬~김준수,준수오빠 캐스팅 보고왔어요너무좋았구요 또 보고싶네요,2020.07.07
뮤지컬 드라큘라 (Dracula：The Musical),5,너무 재미잇엇어요,2번봤는데 2번다 너무 재미있었습니다.좌석은 전체가 보이는 2층이 좀더 나은거 같앗어요,2020.07.05
뮤지컬 드라큘라 (Dracula：The Musical),5,코로나를 잊게 만드는 ...,"4연때도 김준수, 조정은 캐스팅이면 10번도 보겠습니다 빠른 시일내에 4연 기다립니다 연기자들도 스탭들도 고생하셨습니다",2020.07.05
뮤지컬 드라큘라 (Dracula：The Musical),5,4연올때까지 기다려야지,동큘 임미나 페어 손꼽아 기다릴래ㅠㅠㅠ,2020.07.04
뮤지컬 드라큘라 (Dracula：The Musical),5,최고의 연기 최고의 넘버,멋진 연기로 많이 울었네요 감사합니다,2020.07.03
뮤지컬 드라큘라 (Dracula：The Musical),5,정말너무좋았어요!!,친구랑 뮤지컬 관람하였는데 눈과 귀가 즐거웠던 날이었어요감사합니다!,2020.07.01
뮤지컬 드라큘라 (Dracula：The Musical),5,최고,드큘최거,2020.06.27
뮤지컬 드라큘라 (Dracula：The Musical),5,오디 제 목소리 들리나요..? 4연 기다릴게요...,"동큘, 류큘 데리고 와줘요.. 저 여기서 한발자국도 안움직이고 4연 기다릴게요???? 네??? 아시겠죠???",2020.06.27
뮤지컬 드라큘라 (Dracula：The Musical),5,감동 그 자체,너무 감동적이었어요,2020.06.26
뮤지컬 드라큘라 (Dracula：The Musical),5,김준수배우의 드라큘라는 언제나 최고입니다,드라큘라 장인이라는 말이 괜히 있는게 아니더라구요.시작부터 끝까지 숨막히는 가창과 연기로 무대를 장악하는데..소름돋고 눈물나고 행복했습니다.진짜 돈이 아깝지 않은 공연이었습니다.,2020.06.26
뮤지컬 드라큘라 (Dracula：The Musical),5,내 최애캐 안녕,"재입덕하게 해 준 소중한 드라큘라모든 배우들한테 정 들고 송리단길 맛집들을 꿰차고,드라큘라와 같이 보낸 2020년 상반기 너무 행복했어요코로나가 없었다면 더 좋았겠지만 같이 힘낸배우들 스탭들 관객들 다 칭찬해요너무 그리울 것 같아요 꼭 다시 봐요 ??잘가 드라큘라",2020.06.24
뮤지컬 드라큘라 (Dracula：The Musical),5,전동석 최고,최고... 또 와요...,2020.06.22
뮤지컬 드라큘라 (Dracula：The Musical),5,3연 존버....,"너무 좋았어요.. 류정한배우님 드라큘라 그 자체,,, 임혜영배우님도 너무 사랑스러우셨고 진태화배우님도.. 손준호 배우님도 잘하시고.. 도현배우님 지킬에서 보다가 드큘에서 또 봐서 너무 반가웠어요 이 캐스팅 그대로 3연 빨리 와주세요....",2020.06.22
뮤지컬 드라큘라 (Dracula：The Musical),5,이제 써보는 총막,"그날 감정 하나하나 최대한 눈과 귀에 담아 오려고 노력했고, 아직도 이날 생각하면 디테일들은 거의 휘발 되었지만 그 감정만은 계속 살아있는것 같아요ㅠㅠㅠ 모든 배우님들 정말 감사했습니다 앵콜바라는건 제 욕심이겠죠ㅠㅠ",2020.06.22
뮤지컬 드라큘라 (Dracula：The Musical),5,동큘 막공,너무 너무 기대하고 갔는데 진짜.. 와.. 너무 좋았어요 ㅠ진짜 실물 진짜 말도 안 되요. 사람이 아니에요.키도 너무 크시고 노래는 말할 것도 없고..아 진짜 그냥 아.. 완전 미쳤.. 좀 지나서 가물가물한데그래도 진짜 와.. 진짜 ?????♀? 끝나서 꼭 봐라고 말할 수도 없고진짜 최고에요.,2020.06.21
뮤지컬 드라큘라 (Dracula：The Musical),5,와~~대박,2월에 보고 또 갔는데 더더 섹시해진 준수~아직도 생생하다...????,2020.06.20
뮤지컬 드라큘라 (Dracula：The Musical),5,마지막,류큘이 아니길 간절히 비나이다~,2020.06.20
뮤지컬 드라큘라 (Dracula：The Musical),5,류큘 무대 찢어버립니당..,제목 그대로입니다 ㅠ ㅠ 류큘 또 기다릴깨요 ..,2020.06.19
뮤지컬 드라큘라 (Dracula：The Musical),5,자첫자막 대레전,제목 곧 내용이지만 다음부턴 최소 자둘자막하려고요... 정말 오랜만의 관극이었어서 너무 행복했습니다,2020.06.19
뮤지컬 드라큘라 (Dracula：The Musical),4,드라큘라...,드라큘라의 오래된 슬프고도  안타까운  사랑의 이야기 배우분들 뿐만 아니라 앙상블 분들 모두  잘하셔서 즐거운 공연이 되었습니다,2020.06.19
뮤지컬 드라큘라 (Dracula：The Musical),5,감동그자체입니다!!!,처음으로본뮤지컬 너무감동적이여서 말이안나옵니다 그냥보세요 보셔야압니다 너무잘봤습니다 감사합니다!!!,2020.06.19
뮤지컬 드라큘라 (Dracula：The Musical),5,첫 회전극,첫 회전극이었던 드라큘라ㅠㅠ 앵콜해주세요 이렇게는 못 보냅니다 엉엉,2020.06.19
뮤지컬 드라큘라 (Dracula：The Musical),5,재밌어요!,벌써 끝났다니 믿기지가 않네요ㅠㅠ빨리 돌아오길!,2020.06.18
뮤지컬 드라큘라 (Dracula：The Musical),5,최고??,최곱니다,2020.06.18
뮤지컬 드라큘라 (Dracula：The Musical),5,쵝오,시아준수 넘 소름돋아 ㅠㅠ온몸에 소름이,2020.06.18
뮤지컬 드라큘라 (Dracula：The Musical),5,류정한드라큘라는 꼭 보셔야해요,드라큘라극을 류정한배우님으로 처음 봤는데... 정말 푹 빠져서 회전돌고 총막까지 왔네요ㅠㅜ 벌써 마지막 공연이라니 아쉽습니다. 극자체도 재미있고 넘버도 되게 좋아요... 이번에 유튜브에 영상많이 풀렸는데 진짜 가서 꼭 들어야해요 류정한배우님으로요! 연기하실때 목소리톤도 변하구요 디테일도 좋았아요 극을 이해하는데 도움이 됩니다.. 샤우팅이 정말 대단하네요 소름돋았아요(1막에 십자가 찌르고.....날 저주해!! 부분이요) 다음 공연도 얼른 돌아왔으면 좋겠고 배우님도 같이 오셨으면...하는 작은 소망이 있네요,2020.06.18
뮤지컬 드라큘라 (Dracula：The Musical),5,샤큘 최고,또 보고싶어요,2020.06.17
뮤지컬 드라큘라 (Dracula：The Musical),4,선녀....,아 선녀.......,2020.06.17
뮤지컬 드라큘라 (Dracula：The Musical),5,드라큘라 관람 후기,류정한 배우님의 드라큘라를 볼 수 있게 되어서 너무너무 좋았어요! 총막까지 열연해주셔서 정말 감사했습니다:) 무대 인사를 짧게밖에 들을 수 없어서 너무 아쉬웠습니다.,2020.06.17
뮤지컬 드라큘라 (Dracula：The Musical),5,뮤지컬 드라큘라 관람후기,류정한 배우님 4연 드라큘라로 돌아와주세요ㅠㅠ,2020.06.17
뮤지컬 드라큘라 (Dracula：The Musical),5,또 보고 싶은.공연,두번째 본 공연인데.너무 재밋게 잘 봤어요 끝나는게 아쉬웠어요보는 내내 넉을 놓고 보았네요 다음에 또 한다먄 꼭 보러갈거에요!!,2020.06.17
뮤지컬 드라큘라 (Dracula：The Musical),5,최고다 최고bb,동큘은 무조건 한번 더 와야합니다....미쳤어요 미쳤어bb 외모 가창력 기럭지 어느 하나 완벽하지 않은 구석이 없어요...저런 미모로 우혹하는데 어찌 안넘어갑니까ㅠㅜ 진짜 최고예요 무대도 돈 많이 들어간 표시 확 나네요 대극장 극 중에서 지앤하 다음으로 볼게 많고 재미있어요 넘버들도 다 좋아요bb,2020.06.17
뮤지컬 드라큘라 (Dracula：The Musical),5,최고다 최고bb,동큘은 무조건 한번 더 와야합니다....미쳤어요 미쳤어bb 외모 가창력 기럭지 어느 하나 완벽하지 않은 구석이 없어요...저런 미모로 우혹하는데 어찌 안넘어갑니까ㅠㅜ 진짜 최고예요 무대도 돈 많이 들어간 표시 확 나네요 대극장 극 중에서 지앤하 다음으로 볼게 많고 재미있어요 넘버들도 다 좋아요bb,2020.06.17
뮤지컬 드라큘라 (Dracula：The Musical),5,드라큘라,동선녀 또보고싶네요. 동선녀 또보고싶네요동선녀 또보고싶네요동선녀 또보고싶네요,2020.06.17
뮤지컬 드라큘라 (Dracula：The Musical),5,또 보고 싶은 무대,진짜 너무 재밋게.잘 봣어요다음에 또 한다면 꼭 보고 싶은 무대 였습니다.마지막 공연치고 무대인사가 짧고 촬영도 안되서 너무 아쉬웠어요 커튼콜이라도 촬영이 가능했으면 좋겠다 라는 아쉬움 공연이 눈깜짝 할 사이에 끝나버려 극장나오면서 계속 뒤돌아 봤네요,2020.06.17
뮤지컬 드라큘라 (Dracula：The Musical),5,?? ~,드큘 막공~멋진공연 잘 봤어요배우님들 수고 많으셨습니다 ^^,2020.06.16
뮤지컬 드라큘라 (Dracula：The Musical),3,화려한 무대로 관객을 압도한다!,화려한 무대와 사운드만으로도  관객의 마음을 사로잡는다!,2020.06.16
뮤지컬 드라큘라 (Dracula：The Musical),5,감동의 무대,샤큘 또 보고 싶어요~,2020.06.16
뮤지컬 드라큘라 (Dracula：The Musical),5,샤큘 기다릴게요,얼마 전에 끝났는데 또 보고싶어요ㅠㅠ,2020.06.16
뮤지컬 드라큘라 (Dracula：The Musical),5,샤큘 최고,잊지 못할 무대를 보여줘서 고마워요,2020.06.16
뮤지컬 드라큘라 (Dracula：The Musical),5,류큘 돌아와요,다시 보고싶어요..나중에 꼭 돌아와주세요,2020.06.16
뮤지컬 드라큘라 (Dracula：The Musical),5,드라큘라 총막,류정한 배우님 역시 너무 잘하시고 임혜영배우님도 잘하시더라고요 행복한 시간이였습니다,2020.06.16
뮤지컬 드라큘라 (Dracula：The Musical),5,드라큘라,전동석 배우님 드라큘라보고 반하고나왔습니다..,2020.06.16
뮤지컬 드라큘라 (Dracula：The Musical),4,배우와 노래의 결과,배우 분들의 열연과 특히 김준수 배우님의 노래가 너무 좋았네요!! 그리고 넘버들이 다 너무 좋았어요. 다만 극이 개연성이 조금 떨어지네요..ㅜㅜ,2020.06.15
뮤지컬 드라큘라 (Dracula：The Musical),5,감동의 막공,몇번을 본 공연인데... 무대장치와 배우들의 열연 진짜 마지막이라 더 몰입해서 본것 같아요. 그리고 깨알 귀여운 이벤트가 있었던 커튼콜과 무대인사 ㅠㅜ 배우님들 다 사랑합니다 너무 감동이었어요,2020.06.15
뮤지컬 드라큘라 (Dracula：The Musical),5,최고의 공연,잊지. 못할 공연이에요. 다시 돌아올때까지 기다릴게요,2020.06.15
뮤지컬 드라큘라 (Dracula：The Musical),5,대박이에요,오늘 조합 너무 좋았고 4연에도 또 만나요ㅜㅜ,2020.06.15
뮤지컬 드라큘라 (Dracula：The Musical),5,"공연 넘 잘 봤어요, 또 보고싶네요~","넘버가 너무 좋았어요, 관람 후에도 계속 생각나서 cd열심히 듣고 있습니다, 영어라서 좀 아쉽지만, 한국어로도 나왔으면 좋겠어요, 언제 또 드라큘라 공연을 하게될지 모르지만 꼭 볼꺼예요",2020.06.15
뮤지컬 드라큘라 (Dracula：The Musical),5,배우들의 열연 잘 봤습니당,마지막 공연이라 다들 더 혼신의 힘으로 연기하는 느낌이었어요. 좋았습니다!,2020.06.15
뮤지컬 드라큘라 (Dracula：The Musical),5,4연언제와요..,드큘 끝난지 일주일이라고..? 말도안되 체감상 7년쯤 지난기분이니까 어서가져와요...ㅠㅠㅠㅠㅠ,2020.06.15
뮤지컬 드라큘라 (Dracula：The Musical),5,역시 명불허전!!,샤큘은 정말 샤큘이였어요 ㅠ  언제 돌아올지는 모르지만 ㅠㅠㅠㅠㅠ 기다릴게요~  그댄 내삶의 이유~~나를 살게한 첫사랑,2020.06.15
뮤지컬 드라큘라 (Dracula：The Musical),5,감동 감동,화려한 무대와 가슴을 애틋하고 뭉쿨하게 만드는 스토리. 배우들의 뛰어난 연기와 주옥같은 넘버들~ 특히 미나의 하늘을 뚫을듯한 고음~ 너무 재미있게 봤습니다. 다음에 또 공연 한다면 보러갈께요~,2020.06.15
뮤지컬 드라큘라 (Dracula：The Musical),5,화려한 무대가 인상적인 공연,화려한 무대와 가슴을 애틋하고 뭉쿨하게 만드는 스토리. 배우들의 뛰어난 연기와 주옥같은 넘버들~ 특히 미나의 하늘을 뚫을듯한 고음~ 너무 재미있게 봤습니다. 다음에 또 공연 한다면 보러갈께요~,2020.06.15
뮤지컬 드라큘라 (Dracula：The Musical),5,추천!!!,화려한 무대와 가슴을 애틋하고 뭉쿨하게 만드는 스토리. 배우들의 뛰어난 연기와 주옥같은 넘버들~ 특히 미나의 하늘을 뚫을듯한 고음~ 너무 재미있게 봤습니다. 다음에 또 공연 한다면 보러갈께요~,2020.06.15
뮤지컬 드라큘라 (Dracula：The Musical),5,화려한 무대,화려한 무대와 가슴을 애틋하고 뭉쿨하게 만드는 스토리. 배우들의 뛰어난 연기와 주옥같은 넘버들~ 특히 미나의 하늘을 뚫을듯한 고음~ 너무 재미있게 봤습니다. 다음에 또 공연 한다면 보러갈께요~,2020.06.15
뮤지컬 드라큘라 (Dracula：The Musical),5,끝났어 포기해,끝났어 포기해 물러서라~,2020.06.15
뮤지컬 드라큘라 (Dracula：The Musical),5,드라큘라,드라큘라 드라큘라 드라큘라 드라큘라 드라큘라 드라큘라 드라큘라 드라큘라 드라큘라,2020.06.15
뮤지컬 드라큘라 (Dracula：The Musical),4,드라큘라,드라큘라 드라큘라 드라큘라 드라큘라 드라큘라 드라큘라 드라큘라 드라큘라 드라큘라 드라큘라,2020.06.15
뮤지컬 드라큘라 (Dracula：The Musical),5,드라큘라,기다릴께요ㅠㅡㅠ 고생하셨습니다!!!!!,2020.06.15
뮤지컬 드라큘라 (Dracula：The Musical),5,재밌어요,재밌어요 넘버도 좋고,2020.06.15
뮤지컬 드라큘라 (Dracula：The Musical),5,우린다시만나게될겁니다,ㅠㅠㅠㅠㅠㅠ 너무 재미있었어요,2020.06.15
뮤지컬 드라큘라 (Dracula：The Musical),5,와 류정한!!!,"추천해도 더 볼수 없다는 슬픔이... 류정한 배우의 명성을 확인하고 느낄 수 있는 공연이었습니다. 무대가 환상적이고 넘버가 너무 너무 아름다웠습니다. 임혜영, 진태화,김수연,손준호,김도현, 앙상블 배우님들 모두 좋은 공연 보여주셔서 감사했습니다.",2020.06.15
뮤지컬 드라큘라 (Dracula：The Musical),5,잘 봤습니다,잘 봤습니다,2020.06.15
뮤지컬 드라큘라 (Dracula：The Musical),5,좋아요,좋습니다,2020.06.15
뮤지컬 드라큘라 (Dracula：The Musical),5,함께 춤춰요 새벽을 향하여,함께 춤춰요 새벽을 향하여,2020.06.15
뮤지컬 드라큘라 (Dracula：The Musical),5,정말 좋은 공연,류큘 못 보낸다ㅜㅜ,2020.06.15
뮤지컬 드라큘라 (Dracula：The Musical),5,너무 좋았어요,꼭 다시 보고 싶습니다,2020.06.15
뮤지컬 드라큘라 (Dracula：The Musical),5,드라큘라,벌써 끝나고 일주일이나 지났네요 슬픔 ㅠ,2020.06.15
뮤지컬 드라큘라 (Dracula：The Musical),5,너무 잘봤습니다,행복한 시간이 되었습니다,2020.06.15
뮤지컬 드라큘라 (Dracula：The Musical),5,좋았습니다,기대했던 만큼 훌륭한 공연이었습니다~,2020.06.15
뮤지컬 드라큘라 (Dracula：The Musical),5,아쉬움 가득.,더 볼 수 있었다면더 가까이에서 볼 수 있다면기회에 대한 많은 아쉬움을 남겼지만좋은 공연이였다.,2020.06.15
뮤지컬 드라큘라 (Dracula：The Musical),5,안녕 드라큘라,너무 유명한 이야기라 이게 그 내용이고 저게 이 내용이고비슷비슷한 이야기에 결론그게 너무 뻔해서 처음봤을땐 식상하기도 하고서사가 너무 부실하다는 생각을 했어요두번째 보는데 처음 공연보다 가사가 잘 들리니 참 좋네요갑자기 왜 사랑에 빠지고 갑자기 왜 죽으려 하나갑자기 갑자기 하는 부분이 없어졌어요처음부터 가사가 잘 들렸으면 좋았을텐데 싶고이제 다시 보기 어려운 배우들이 있다는데 한번 더 보고 싶네요너무 늦게 봐서 아쉬워요,2020.06.15
뮤지컬 드라큘라 (Dracula：The Musical),5,행복했어요,4년의 기다림 끝에 다시 만날 수 있어서 넘좋았어요,2020.06.15
뮤지컬 드라큘라 (Dracula：The Musical),5,마성의 매력을 가진 드큘,영원히 영원히 영원히영원히 올라오길!,2020.06.15
뮤지컬 드라큘라 (Dracula：The Musical),5,다시 해주세요ㅠㅠ,앵콜 기다립니다ㅠ,2020.06.15
뮤지컬 드라큘라 (Dracula：The Musical),5,말해 뭐해요,최고 김준수 배우님!  4연에도 다시 오세요 주인님 !!!!  주인님 없는 드큘은 상상도 못해요 !!!!!!!,2020.06.15
뮤지컬 드라큘라 (Dracula：The Musical),4,드라큘라,샤롯데에서 만난 드라큘라 3연이 가장 좋았어요. 지방공연 계획도 있었다던데 앞으로도 계속 공연되면 좋겠네요,2020.06.15
뮤지컬 드라큘라 (Dracula：The Musical),4,날 사랑한~ 내가 사랑한~,공연을 찾았는데~~~왜 막공했져ㅜㅜㅠㅜㅜㅜㅜㅜㅜㅜ왜요ㅜㅜㅜㅜ왜때무에,2020.06.15
뮤지컬 드라큘라 (Dracula：The Musical),5,최고의 뮤지컬,너무 즐거웠어요ㅠ 좋은 공연이었습니다,2020.06.15
뮤지컬 드라큘라 (Dracula：The Musical),5,뮤지컬 드라큘라 (Dracula：The Musical),뮤지컬 드라큘라 (Dracula：The Musical)  전동석 조정은 페어 최고입니다. 조정은 미나!!!!!!!!,2020.06.15
뮤지컬 드라큘라 (Dracula：The Musical),5,드큔&#4510;,ㄱㄷㄱㄷㄱ,2020.06.15
뮤지컬 드라큘라 (Dracula：The Musical),5,전동석을 문화재로,400년동안 드라큘라 해주세요,2020.06.15
뮤지컬 드라큘라 (Dracula：The Musical),5,셈막 레전의 법칙,류정한 임혜영 짱짱ㅠㅠㅠㅠ 4연에도 와주세요!,2020.06.15
뮤지컬 드라큘라 (Dracula：The Musical),5,ㅠㅠ,드라큘라 백작님 다시 돌아오실거죠ㅠㅠㅠㅠㅠ,2020.06.15
뮤지컬 드라큘라 (Dracula：The Musical),4,가지마 드라큘라........,돌아와요 주인님........ㅠㅠ,2020.06.15
뮤지컬 드라큘라 (Dracula：The Musical),5,무대가 정말 화려해요,너무 좋은 공연이었습니다. 잊을 수 없는 시간이 된 것 같아요! 기회가 되면 또 보고 싶네요.,2020.06.15
뮤지컬 드라큘라 (Dracula：The Musical),5,좋았어요,넘버도 너무 좋고 무대도 최고였어요 ㅠㅠ 다음 시즌 기다릴게요!,2020.06.15
뮤지컬 드라큘라 (Dracula：The Musical),5,역시좋았어요,배우분들 연기는 역시 실망시키지 않네요! 또 보고싶은데 언제 다시 올라올까요?,2020.06.14
뮤지컬 드라큘라 (Dracula：The Musical),4,정말 최고였던 조정은 배우님,미나로 다시 만날 수 있기를 너무나 고대합니다!,2020.06.14
뮤지컬 드라큘라 (Dracula：The Musical),5,동큘 최고에요!,다음에도 드라큘라 꼭 해주시길!,2020.06.14
뮤지컬 드라큘라 (Dracula：The Musical),5,잊을 수 없는 작품,꼭 다시 돌아와 주세요 -,2020.06.14
뮤지컬 드라큘라 (Dracula：The Musical),3,넘버가 너무 좋아요!,"드라큘라의 캐릭터는 잘 이해하기 어려웠지만, 멋진 무대와 좋은 넘버들과 배우들의 열연만으로도 충분히 가치있는 공연이라고 생각해요!",2020.06.14
뮤지컬 드라큘라 (Dracula：The Musical),5,넘버짱~~~~~~~~~,넘버짱 노래짱 배우짱 근데 앙상블 배우들 쓰임 너무 아까움  너무 주연위주임 아쉽 임혜영짱 임혜영 사랑해,2020.06.13
뮤지컬 드라큘라 (Dracula：The Musical),5,너무 재밌어요,동큘 너무 멋있어요,2020.06.13
뮤지컬 드라큘라 (Dracula：The Musical),5,진작 알았어야해...,세상 최고 뮤지컬이야...,2020.06.13
뮤지컬 드라큘라 (Dracula：The Musical),5,끝났네요ㅠㅜ,너무 재밌게 봤습니다 이제 볼 수 없다니 아쉬울뿐또 와주세요 빠른시일내에ㅔ~~ㅜㅜ,2020.06.13
뮤지컬 드라큘라 (Dracula：The Musical),5,샤큘 동큘 둘다 각자의 매력이 있음,두 배우 다 너무 좋았고 류큘은 못봤지만 배우들 각자의 매력이 존재하고 팬들은 그부분에 빠진거라고 생각함누가 더 잘하고 못하고 그딴거 없이 개인 취향 차이라는걸 모두가 인식하면 좋겠다,2020.06.13
뮤지컬 드라큘라 (Dracula：The Musical),5,김준수의 드라큘라,못봤으면 나중에 후회했을거같아요 최고의 공연이었습니다. 감사합니다.,2020.06.13
뮤지컬 드라큘라 (Dracula：The Musical),5,뮤지컬 드라큘라의 여운이 기네요 ㅠ.ㅠ,김준수 배우님이 연기하신 드라큘라를 보면서 항상 힘을 얻고 갔던 것 같아요! 특히나 Fresh blood에서 늙은 드라큘라가 젊은 드라큘라로 변하는 과정을 짧은 넘버 안에 다 담아낸게 정말 신기하고 대단했어요 :),2020.06.13
뮤지컬 드라큘라 (Dracula：The Musical),5,샤큘이 너무나 인상적이었어요!,강렬하면서도 붉은 헤어와 정말 드라큘라 같은 연기 그리고 온몸으로 부르는 넘버들이 아직도 잊혀지지가 않아요! 언제가 될지 모르겠지만 다시 돌아와도 처음 뮤지컬 드라큘라를 보려고 예매했던 그 설레는 마음으로 또 보게 될 것 같아요 :),2020.06.13
뮤지컬 드라큘라 (Dracula：The Musical),5,드라큘라,내 사랑을 찾았는데 더 이상 없는건데요ㅠ 왜...,2020.06.13
뮤지컬 드라큘라 (Dracula：The Musical),5,공연장 시설이 너무 좋아요,무대는 말할것도 없고 공연장 자체 시설이 좋아서너무 만족스러웠어요,2020.06.12
뮤지컬 드라큘라 (Dracula：The Musical),5,노래가 너무 좋아요~~,전동석배우의 드큘이 너무 사랑스러웠어요~~ 조정은 미나도 제 호였구여.... 대극장극 많이 안보는데 전동석배우의 매력에 빠져 여러번 봤네요~~ㅋㅋㅋ,2020.06.12
뮤지컬 드라큘라 (Dracula：The Musical),5,아 진짜.. 코로나때문에 지방공없는거라면서요...,그럼.. 코로나 종식되면 4연 바로오시는겁니다.. 약속한거에요..,2020.06.12
뮤지컬 드라큘라 (Dracula：The Musical),5,신춘수대표님.. 오슷주세여.. 딥디주세여..,제발주세요..ㅠㅠㅠ 부자되게 해드릴꼐요..ㅠㅠㅠㅠ 이미 부자셔서 안내시는건가여..ㅠㅠㅠㅠㅠ 돈은 많을수록 좋은거라구여ㅠㅠㅠㅠㅠ,2020.06.12
뮤지컬 드라큘라 (Dracula：The Musical),5,김준수의 드라큘라,"샤큘 막공....ㅠ 막공표 구하기가 역대급이었죠ㅠㅠㅠㅠ 저도 간신히 티켓팅해서 들어갔는데ㅠㅠ 진짜 오랜만에 본건데 애드립 무엇ㅠ막공이라서 장난아니더라구요ㅋㅋ 이걸 몇달 못보다니 망할 코로나ㅠ 샤큘 랖앺랖에서 애드립한거 진짜 아직도 생각나서 소름돋아요ㅠㅠ흑흑 랜필드 피주러 올때랑 기차 탈선드립 때도,,,하... 프레쉬블러드때 할배가면 벗고 빨간머리가 아닌 드라큘라는 이제 상상할 수 없답니다. 이제가면 또 언제 올지 모르는 드라큘라ㅜ또 볼 수 있겠죠..? 모든 배우분들 스태프분들도 고생하셨습니다!",2020.06.12
뮤지컬 드라큘라 (Dracula：The Musical),5,매일 보고싶은 작품,왜 이렇게 볼 때 마다 마음이 절절 매는지... 세미막공이라 그런가 다들 더 몰입해서 너무 좋았네요 ㅜ,2020.06.12
뮤지컬 드라큘라 (Dracula：The Musical),5,오디여 덕구가 가엽지 않나요,400년은 못 기다리고 4년 기다리면 그 중에 한해정도는 오지 않을까... 거기에 동큘이랑 뎐필이 있지 않을까.... 아니면 디비디라도 가져 오지 않을까....,2020.06.11
뮤지컬 드라큘라 (Dracula：The Musical),5,공연 좋았어요,끝나서 아쉬워요,2020.06.11
뮤지컬 드라큘라 (Dracula：The Musical),5,류선녀 페어막,"레전드 공연...두분의 공연을, 두분의 드큘과 미나를 다시 볼 수 있을지조차 알 수 없는 상황에서 이번 공연은 제발 마지막이 아니길 간절히 바랄 수밖에 없는 공연이었다.",2020.06.11
뮤지컬 드라큘라 (Dracula：The Musical),5,잘봤습니다,그동안 수고하셨습니다 덕분에 좋은 공연 잘봤습니다ㅎㅎ,2020.06.11
뮤지컬 드라큘라 (Dracula：The Musical),5,드라큘라 추천합니다,강렬한 음악과 4중 회전무대로 입체적인 무대의 구성으로 즐겁게 볼 수 있었습니다.,2020.06.11
뮤지컬 드라큘라 (Dracula：The Musical),5,추천합니다,...,2020.06.11
뮤지컬 드라큘라 (Dracula：The Musical),5,"보내기 아쉬운 공연, 4연을 기다립니다..","평소 가슴아픈 로맨스를 좋아하는 제게 인생뮤지컬입니다 러빙유 프래쉬블러드 모두 배우분의 완벽한 실력으로 너무 감명깊에 봤어요 김준수, 전동석 배우 공연 둘다 보았는데 각자 다른 매력이 있고, 어떤 넘버는 김준수 배우가, 어떤 넘버는 전동석 배우가 더 제 취향이기도 하고 그래서 정말 볼때마다 다른 매력이 있는 공연입니다.  배우분들의 애드립도 최고예요..4연도 꼭 김준수, 전동석 배우와 함께 하였으면 좋겠네요",2020.06.11
뮤지컬 드라큘라 (Dracula：The Musical),5,너무나 가슴절절한 이야기,"400년을 기다려온 드라큘라의 사랑, 결말이 슬프지만 아름답네요 서사가 납득이 가지 않는 부분도 많지만 전동석 배우의 비주얼이 서사의 개연성을 심어주네요 정말 최고의 공연이었습니다. 지루할 틈이 없는 공연이고 넘버도 최고예요",2020.06.11
뮤지컬 드라큘라 (Dracula：The Musical),5,역시 샤라큘라,"다들 샤큘샤큘 하길래 기대하고 갔는데 정말 기대를 져버리지 않는 공연이었습니다. 공연 시간 내내 지루한 틈 없이 완전히 몰입할 수 있었습니다. 넘버 하나하나가 다 감동적이고, 설득력 있는 스토리와 감동에 흠뻑 젖어들 수 있는 공연이었습니다. 또 보러 가고 싶네요",2020.06.11
뮤지컬 드라큘라 (Dracula：The Musical),5,최고입니다!,김준수님 가수로 노래잘하는건 알고있었는데뮤지컬에서 직접 귀로 들으니 소름이 돋네요무대구성도 멋있었습니다!,2020.06.11
뮤지컬 드라큘라 (Dracula：The Musical),5,4연을 기다립니다,가지마 드라큘라ㅜㅜㅜ 보내기 싫은 드라큘라,2020.06.11
뮤지컬 드라큘라 (Dracula：The Musical),5,명불 허전 드라 큘라,초연의 주연이였던 류정한 / 조정은  두배우를 다시 드라 큘라에서 볼수 있었던 무대  역시나 명불 허전 두배우의 연기와 노래에 다시 반하고 온 무대 였다,2020.06.11
뮤지컬 드라큘라 (Dracula：The Musical),5,6년이 지난 오늘에서야 드큘의 서사를 납득했다.,"사실 뮤지컬 드라큘라는 너무나 드라마틱한 전개라 그닥 내 취향의 스토리가 아니라고 생각했다.  한마디로 그렇게 꽂히는 공연은 아니었단 말씀. 뼈속까지 사고형 인간인 나에겐 뮤지컬 드라큘라는 설득력이 약했달까? 하지만 2020년 6월 4일 오늘 공연에서는 드라큘라에게 설득당했다. 나도 놀랐다. ㅋ 설득의 이유 팔 할이 배우들의 감성이었을 거라고 짐작한다.  특히나 김준수 배우의 놀라운 감성과 디테일한 표정 연기는 압권이었다.  김준수 배우의 카리스마에 깜놀했음은 물론, 마지막 관속으로 들어가는 장면에선 울컥하기까지... 왜 이제서야 의심하게 되었는지...젠장... 아쉽다...아쉬워... 드큘 4연을 기대해 본다.",2020.06.11
뮤지컬 드라큘라 (Dracula：The Musical),5,드라큘라,류정한 정말 멋있어요!,2020.06.11
뮤지컬 드라큘라 (Dracula：The Musical),5,좋아요!!,재밌게 보고 나왔능데 이제 더는 없다니ㅜㅜㅜ 아쉬워요,2020.06.11
뮤지컬 드라큘라 (Dracula：The Musical),5,류큘 돌아와줄거죠?,와 진짜 대박이에요ㅜㅠㅠㅠㅜㅜ류선녀는 공식이다 반박은 거절합니다ㅜㅜㅜㅜ 하 진짜 꼭 다시 와주세요,2020.06.11
뮤지컬 드라큘라 (Dracula：The Musical),5,왕의 귀환. 이제 마지막이라니..,류큘은 정말 최고.모든 캐슷이대단했음.코로나로 취소된공연이 슬퍼서..앵콜 와주세요ㅠ,2020.06.11
뮤지컬 드라큘라 (Dracula：The Musical),5,연출 재밌고 캐릭터들이 존잼,잇츠오버 계속 생각나고 배우들 연기가 너무 좋았음,2020.06.11
뮤지컬 드라큘라 (Dracula：The Musical),5,류선녀가 서사다,류선녀 덕분에 행복했어요. 사연때 꼭 다시 와줘요.,2020.06.10
뮤지컬 드라큘라 (Dracula：The Musical),5,최고,말이 필요없는 극 류정한 드라큘라는 다들 꼭 보셔야해요 다음번 공연 또 올라오기르류ㅠ,2020.06.10
뮤지컬 드라큘라 (Dracula：The Musical),5,너무 좋아서,너무 너무 만족스러운 관람이였습니다  최고네요 정말 이래서 김준수 김준수 하나봅니다,2020.06.10
뮤지컬 드라큘라 (Dracula：The Musical),5,정말 계속 남아요,너무 너무 만족스러운 관람이였습니다  최고네요 정말 이래서 김준수 김준수 하나봅니다,2020.06.10
뮤지컬 드라큘라 (Dracula：The Musical),5,완벽,완벽 그자체,2020.06.10
뮤지컬 드라큘라 (Dracula：The Musical),4,코로나로인해 힘들었지만 힐링 하였습니다,코로나19로 인해 관람하기 망설여지고 예약도 한번 캔슬했었지만 만족스러웠습니다. 준수의 새로운 면을 보게 되어 좋았어요. 인기가 많은 이유가 있었습니다. 다음에는 좀더 앞쪽으로 가서 보았으면 좋을거 같아요,2020.06.10
뮤지컬 드라큘라 (Dracula：The Musical),5,좋아요,재미있네요,2020.06.10
뮤지컬 드라큘라 (Dracula：The Musical),5,40년 400년 후에도...,드라큘라가 40년 400년 후에도 계속 되는 작품이 되려면 얼른 다시 또 좋은 배우들과 함께 다시 무대에 올려져야 합니다. 간절히 바래봅니다... 우린 반드시 만나게 될거니깐요!!!,2020.06.10
뮤지컬 드라큘라 (Dracula：The Musical),5,마지막까지 멋진 백작님,"한회 한회가 마지막이라 생각하며 정말 마지막까지 완벽한 백작님, 미나, 반헬싱, 조나단, 루시, 랜필드 외 모든 분들 고생 많으셨습니다!! 멋진 공연을 볼 수 있게 해 주신 배우님들, 스탭들 다들 고생하셨어요!!",2020.06.10
뮤지컬 드라큘라 (Dracula：The Musical),5,김준수 매력은 어디까진가요,처음 봤는데 열정적인 김준수 배우의 모습에 감명깊게 뮤지컬 감상을 마쳤습니다.  다음에도 또 보고 싶네요~ 할 수만 있다면 앞열에서 보고 싶어요.,2020.06.10
뮤지컬 드라큘라 (Dracula：The Musical),1,코로나 때문에 못갔어요,3매 예약했는데 환불 안대서 그냥 버림,2020.06.09
뮤지컬 드라큘라 (Dracula：The Musical),5,너무 좋았어요,제인생 최고의 뮤지컬이에요전동석 이라는 배우를 알게되어서 너무 좋아요ㅠㅜ,2020.06.09
뮤지컬 드라큘라 (Dracula：The Musical),4,드라큘라 실감나는 연기와 노래 최고!!!,김준수씨 공연을 관람한 적이 없어서 궁금하여 예매한 뮤지컬인데 실제 보니 팬덤도 대단하고 연기와 노래도 훌륭했어요!!!  팬서비스도 확실히 귀엽게해서 인상적이었어요.,2020.06.09
뮤지컬 드라큘라 (Dracula：The Musical),5,성인되고 처음 보는 뮤지컬,아는 동생이 뮤지컬광이라 좋은 배우때 좋은 공연 잘 본것 같아 너무 좋네요.  멀리서 봐서 망원경 없이는 잘 안 보였지만 생각보다 깊은 연기력에 감동했습니다. 망원경으로 보니 배우의 표정연기까지 자세히 보였고  빌리길 잘했다는 생각이 들어서 집 오자마자 하나 질렀네요 ㅋㅋ,2020.06.09
뮤지컬 드라큘라 (Dracula：The Musical),5,표를 구해서 본 내가 자랑스럽다,"오래도록 잊지못할 동큘... 정말 황홀한 공연이었다 전동석 브라비!! 전동석의, 전동석을 위한, 전동석에 의한 뮤지컬.",2020.06.09
뮤지컬 드라큘라 (Dracula：The Musical),5,좋아요,좋아요,2020.06.09
뮤지컬 드라큘라 (Dracula：The Musical),5,또 볼 수 있다면,얼마 안지났지만 매 시간마다 아른거리네요ㅠㅜ코로나로 주저했지만 관람하길 참 잘했단 생각이 듭니다~다음 시즌을 더 빨리 만나고 싶어요~~,2020.06.09
뮤지컬 드라큘라 (Dracula：The Musical),5,드라큘라,너무 재밌게 잘봤어요~ 노래도 다 너무 좋고 재밌어요~,2020.06.09
뮤지컬 드라큘라 (Dracula：The Musical),5,정말 재밌었어요,"빙글빙글 돌아가서 보는 재미가 있는 세트, 배우분들의 열연도 너무 좋았고 극장 시야도 좋아서 만족했습니다. 또 볼 수 있다면 좋겠어요.",2020.06.09
뮤지컬 드라큘라 (Dracula：The Musical),5,참공연!!!!!,전동석 배우님 정말 짱입니다.!!!!!!!!!!!!!!!! 전동석 배우님 때문에 울뻔했습니다. 어쩜 맘을 찡하게 만드시는지.... 노래도 연기도 정말 최고였어요~ 무대연출도 환상적이고 정말 참공연이였습니다.,2020.06.09
뮤지컬 드라큘라 (Dracula：The Musical),5,준수배우의 드라큘라는,정말 최고였습니다 마지막까지 고맙습니다,2020.06.09
뮤지컬 드라큘라 (Dracula：The Musical),5,꿈에도 나옴,김준수 막공으로 관람했어요드라큘라 새빨간 머리로 비쥬얼 압도적이었고 무대 연출부터 배우들의 연기까지 무엇 하나 흠 잡을 데 없이 완벽하고 너무 만족스러웠답니다..준수 비쥬얼에 압도당해 엊그제 꿈도 꿨어여...,2020.06.09
뮤지컬 드라큘라 (Dracula：The Musical),5,마지막 공연,많이 본만큼 가슴에 깊이 새기고 갑니다.  좋은 공연이고 다음에 다시 돌아온다면 또 열심히 보겠습니다.,2020.06.09
뮤지컬 드라큘라 (Dracula：The Musical),5,마지막 공연 모두 수고하셨습니다.,"마지막 공연까지 고생하신 배우, 스텝 등 모든 분들 감사합니다.  좋은 작품 많이 볼 수 있어서 행복했습니다.",2020.06.09
뮤지컬 드라큘라 (Dracula：The Musical),4,행복한 시간이었습니다.,행복한 시간이었습니다.   너무 좋았네요,2020.06.09
뮤지컬 드라큘라 (Dracula：The Musical),5,좋아요,전동석 드라큘라 목소리 너무 좋아요ㅠㅠㅠㅠ,2020.06.09
뮤지컬 드라큘라 (Dracula：The Musical),5,잘 봤어요,넘 재밌었어요  다시 돌아와!,2020.06.09
뮤지컬 드라큘라 (Dracula：The Musical),5,총막 대레전,"그전날 세미막이 너무 좋았어서 이보다 더 좋을 순 없을거라 생각했었는데 웬걸... 총막 진짜 너무너무너무 좋았습니다. 모든 배우분들이 진심을 다해 공연하고 있다는 느낌을 받았고 시각적으로, 청각적으로 굉장히 행복한 공연이었어요. 무대인사까지 완벽했습니다. 마지막 공연이라니 너무 아쉽네요ㅠㅠ 4연은 언제 오는 건가요? 류큘 조미나도 데려오시는 거죠??",2020.06.09
뮤지컬 드라큘라 (Dracula：The Musical),5,류임 세미막 최고!,류임 페어 정말 좋았습니다!!,2020.06.09
뮤지컬 드라큘라 (Dracula：The Musical),5,완전 재밌었음,배우들 찰떡 연기에 노래도 좋고 무대가 진짜 웅장하고 멋짐. 빨간머리의 김준수드라큘라에게 반하고옴,2020.06.09
뮤지컬 드라큘라 (Dracula：The Musical),5,김준수배우 정말 최고,긴준수배우 정말 드라큘라아니신지 ㄷㄷ 노래도 훌륭한데 연기가 진짜 후덜덜하심,2020.06.09
뮤지컬 드라큘라 (Dracula：The Musical),5,안보면 후회합니다.,안본사람은 있어도 한번 본 사람은 없다,2020.06.09
뮤지컬 드라큘라 (Dracula：The Musical),5,한국에서 처음으로 관람해본 뮤지컬!,화려한 무대 연출과 신마다 바뀌는 공간감이 정말 좋았습니다.  류정한 배우와 임혜영 배우의 라이브는 기대했던 것보다 웅장하고 안정적이었습니다. 특히 주연 배우 못지않은 조연배우들의 열연이 굉장히 인상 깊었습니다.  관람하는 내내 배우들의 에너지가 느껴지는 멋진 공연이었습니다.,2020.06.09
뮤지컬 드라큘라 (Dracula：The Musical),5,정말 최고의 뮤지컬!,"초연, 재연 다 봤었는데 삼연인데도 새로운 공연을 보는 듯한 느낌이었습니다. 배우분들 너무 찰떡같은 캐스팅!!! 사연에도 또 와주세요~~~",2020.06.09
뮤지컬 드라큘라 (Dracula：The Musical),5,최고였어요!!!!!!,최고였어요!!!!!!,2020.06.09
뮤지컬 드라큘라 (Dracula：The Musical),5,최고였어요!!!!!!,최고였어요!!!!!! 정말 나와서까지 심장이 두근거렸어요!!!!,2020.06.09
뮤지컬 드라큘라 (Dracula：The Musical),5,훌륭한 공연이었습니다,배우들의 열연이 아주 돋보였어요   재밌었습니다,2020.06.09
뮤지컬 드라큘라 (Dracula：The Musical),5,샤큘 못보내요흑흑,결국 막공표를 못구하고 세미막공만 봤는데 앞에 몸집이 너무너무 큰 분이 계셔서 무대중앙이 전혀 안보였어요.  수구리도 아니고 그냥 몸이 너무 커서 의자에 붙어앉아도 가리더라고요..자체막공인데 너무 가려서 우울했지만 배우들은 최고였어요. 인터미션때 어셔님께 문의하니 제뒷줄분께 양해구하고 방석 가져다준다고 하셨는데 잊으셨는지 피드백없이 2막 봤어요.ㅠㅜ 어쩔 수 없이 4연이 올라오면 또 회전문 돌아야 겠어요. 월드베스트 샤큘 드라큘라 장인 샤큘! 꼭 4연으로 돌아와주세요!! 덕분에 행복한 2월부터 6월 이었습니다!!,2020.06.09
뮤지컬 드라큘라 (Dracula：The Musical),5,다음에 또 만나요,끝나서 아쉽고 다음에 또 만나요,2020.06.09
뮤지컬 드라큘라 (Dracula：The Musical),5,드큘 못 보내 2,일어날 때부터 잠들 때까지 넘버들이 머리 속에서 맴돌거든요 이거 병인 것 같거든요 약간... 오히려 더 자주 마주쳐줘야 나을 것 같거든요 뭔지 아시죠 심리치료의 일환으로다가. 어쨌든 스토리의 짜임 자체는 그리 탄탄하다고 할 수 없겠으나 배우들 연기가 곧 개연성이고 넘버들이 다 너무 좋습니다. 무대 쓰는 것도 좋고요. 이번에 오디에서 유튜브에 영상 많이 풀어줘서 좋아요...,2020.06.09
뮤지컬 드라큘라 (Dracula：The Musical),5,드큘 못 보내,가지 마요...............ㅠㅠㅠㅠㅠㅠㅠㅠㅠㅠㅠㅠ 가자마자 돌아오란 말이야ㅠㅠㅠㅠㅠㅠㅠㅠㅠㅠ 캐슷 거의 그대로 다시 합시다 아직 충분히 못 봤다고요.......,2020.06.09
뮤지컬 드라큘라 (Dracula：The Musical),5,가지마요 ㅠㅠ,다시 내게 돌아와 나와 춤춰요 새벽을 향하여,2020.06.09
뮤지컬 드라큘라 (Dracula：The Musical),5,동선녀 세미막 최고~!!!,동선녀 세미막 답게 공연은 최고네요.두분의 케미도 너무 좋고 가창력은 말할것도 없이 좋네요. 목소리가 드라큘라 넘버에 딱 맞아요. 동큘 선녀미나님 최고입니다. 또 와주셔야 해요. 9월쯤 앵콜 기다리겠습니다. 근데 공연 초반의 소음이 방해되서 아쉬워요 ㅜㅠ.,2020.06.09
뮤지컬 드라큘라 (Dracula：The Musical),5,동큘 막공 레전,드라큘라 회전무대와 중독성 있는 넘버로 너무 잘 연출한 작품입니다. 모든 배우들의 캐릭터 해석이 훌륭하고 열연을 해줘서 무대가 더 빛났습니다. 특히 드라큘라역의 잔동석 배우님 목소리가 매우 멋있고 드라큘라 그 자체이네요 . 코로나로 중지된 기간만큼 앵콜 가주시면 안되나요?,2020.06.09
뮤지컬 드라큘라 (Dracula：The Musical),5,잘가요 드라큘라,길고 길지 않았던 대장정의 끝이 지난 지금..ㅠㅠ 4연을 기다리는 *필드...,2020.06.09
뮤지컬 드라큘라 (Dracula：The Musical),5,너무 잘봤어요,넘버가 다 좋음...왜 한번봤지 두번볼걸..세번볼걸..,2020.06.09
뮤지컬 드라큘라 (Dracula：The Musical),5,우리는 반드시 다시 만날겁니다,드라큘라의 대사 처럼 오늘의 배우님들 그대로 다시 뵈는 그날이 멀지 않게 빨리 오길 바래봅니다.,2020.06.09
뮤지컬 드라큘라 (Dracula：The Musical),5,보고또 보고싶어요,이제 드라큘라가 끝났다니 제 삶의 이유가 새라진 기분이에요 극이 좀 유치하지만 드라큘라 세분이 너무 매력적이여서ㅎㅎ,2020.06.09
뮤지컬 드라큘라 (Dracula：The Musical),5,류정한 또 와주세요,꼭 다시 갈겁니다...분명 마지막에 다시보자했어요!!!!!,2020.06.09
뮤지컬 드라큘라 (Dracula：The Musical),5,류정한 미쳤어요...,류큘이제 안하겠죠...? ㅜㅜ총막공 류큘정말.... 미쳤어요....,2020.06.09
뮤지컬 드라큘라 (Dracula：The Musical),5,좋았어요~,재밌었어요,2020.06.09
뮤지컬 드라큘라 (Dracula：The Musical),5,류선녀 포에버,공연의 첫 시작부터 마지막 피날레까지 그저 레전드의 연속이었다. 이토록 부실한 대본으로 이렇게까지 집중력있게 극을 끌어나갈 수 있는 건 순전히 주연 둘의 능력이었다고 생각한다. 리빙레전드 류선녀 제발 4연에도 해주세요 ㅠㅠㅠㅠ,2020.06.09
뮤지컬 드라큘라 (Dracula：The Musical),5,최고였어요,4개월 간 행복했어요,2020.06.09
뮤지컬 드라큘라 (Dracula：The Musical),5,드큘,듴율ㅇ,2020.06.09
뮤지컬 드라큘라 (Dracula：The Musical),5,전동석ㅠㅠㅠㅠㅠ조정은ㅠㅠㅠㅠㅠㅠㅠㅠㅠㅠ,동조페어 사랑합니다ㅠㅠㅠㅠㅠㅜㅜ신춘수대표님 박제 주세요,2020.06.09
뮤지컬 드라큘라 (Dracula：The Musical),5,너무 재미있어요,봐도봐도 너무 재미있어요!!!!!,2020.06.09
뮤지컬 드라큘라 (Dracula：The Musical),5,최고였습니다,"류정한 배우님, 조정은 배우님 최고!!!!  계속 보고 싶어요.",2020.06.09
뮤지컬 드라큘라 (Dracula：The Musical),4,드라큘라 좋아요,진짜 모든 넘버가 다 좋아요.  완전 감겨버렸어요.  공연이 끝나는게 너무 아쉽네요.,2020.06.09
뮤지컬 드라큘라 (Dracula：The Musical),5,드라큘라.... 이대로 못보내여ㅠㅠㅠㅠㅠㅠ,아진짜 너무 재밌어요. 1막 체감 10분 2막 5분 ㅜㅜㅠㅠㅠㅠㅠㅠㅠ 쫌 볼라치면 끝나있어요... 류정한 배우님 사연 와주시는거죠? ㅜㅜㅜㅜ 꼭 와주세요...,2020.06.09
뮤지컬 드라큘라 (Dracula：The Musical),5,재밌어요ㅠㅠㅠㅠ,벌써 끝나서 너무 아쉬워요 빨리 다시 올려주세요ㅠㅠㅠ,2020.06.08
뮤지컬 드라큘라 (Dracula：The Musical),5,최고였어요,김준수 조정은 조합 진짜 사랑했습니다♡♡,2020.06.08
뮤지컬 드라큘라 (Dracula：The Musical),5,즐거웠습니다~,막공 보고 왔어요. 역시 배우님들마다 케미가 달라서 재밌었어요. 미나와 루시 배역이 누구와 만나는지에 따라 친구 느낌이 다 다르더라구요.ㅋㅋㅋ 깨알 재미포인트였어요. 막공 무대인사때 모든 배우님들 다 오셔서 눈도 호강하고 재밌었어요. 배우님들 모두 무사히 공연 끝나서 다행이었어요~ 다음에 또 올라오면 또 열심히 보러가겠습니다!,2020.06.08
뮤지컬 드라큘라 (Dracula：The Musical),5,정말 좋았어요.,마지막 공연이라 아쉽기도 했지만 김준수 배우님의 연기에 완던히 몰입해서 보고났더니 가슴이 막 벅차네요. 다음 4연에서도 꼭 다시 보고 싶어요.,2020.06.08
뮤지컬 드라큘라 (Dracula：The Musical),5,너무 재밌었어요!!,류선녀 페어막이었는데 너무너무 좋았어요ㅠㅠ,2020.06.08
뮤지컬 드라큘라 (Dracula：The Musical),5,좋아요,최고입니다,2020.06.08
뮤지컬 드라큘라 (Dracula：The Musical),4,좋았습니다,"초연에 보고 이번에 다시 봤는데, 무대가 더 웅장하고 임팩트 있게 바뀐 것 같아서 새로웠어요. 노래들도 너무나 좋았고, 어딘가 어색한 스토리를 배우분들이 연기로 꽉꽉 채워주셔서 재미있게 보고 왔습니다.",2020.06.08
뮤지컬 드라큘라 (Dracula：The Musical),5,최고에요,추천합니다,2020.06.08
뮤지컬 드라큘라 (Dracula：The Musical),5,너무 재밌었어요,"넘버,캐슷,무대등 뭐하나 빠지는거없이 최고였어요",2020.06.08
뮤지컬 드라큘라 (Dracula：The Musical),5,막공 최고,회전문 스타트 끊은 뮤지컬 ㅠㅠ잔고 채워놓고 기다릴게요,2020.06.08
뮤지컬 드라큘라 (Dracula：The Musical),4,감동적임,"드라큘라가 어떤 일을 저질러왔는지, 어떤 계획을 꾸미는지 좀만 더 보여줬으면 극이 더 이해가 잘됐을 것 같아요 넘버 너무 좋고 감동적이라 좀 울뻔했습니다 재밌음",2020.06.08
뮤지컬 드라큘라 (Dracula：The Musical),5,마지막공연 너무잘봤습니다,장장 4개월간 드라큘라 공연 종종 보러갔었는데 너무 노래도 잘하고 드라큘라 그자체 김준수배우님 최고였습니다.,2020.06.08
뮤지컬 드라큘라 (Dracula：The Musical),5,최고최고 샤큘 사연 와주세요~,이렇게 보내기 아쉬운 뮤지컬 드라큘라!!너무 재밌었어요!! 김준수배우의 열연이 돋보이고 가격이 아깝지 않았어요!@,2020.06.08
뮤지컬 드라큘라 (Dracula：The Musical),5,동큘임미나,최애페어 꼭 돌아와주세요,2020.06.08
뮤지컬 드라큘라 (Dracula：The Musical),5,최고의,동큘임미나최고의 드라큘라였엉,2020.06.08
뮤지컬 드라큘라 (Dracula：The Musical),5,김준수 배우의 드라큘라,"가창력, 연기력, 무대장악력 모두 완벽한 소름끼치는 무대였어요. 역시 믿고보는 김준수 배우의 샤큘 정말 최고입니다.",2020.06.08
뮤지컬 드라큘라 (Dracula：The Musical),5,배우들의 열연에 감동ㅠㅠ,"코로나 때문에 미루다 종연 직전에 봤는데, 왜 이제야 봤는지 후회ㅠㅠ 초연 때 보고 다시 본 건데, 넘버가 좋은 것은 물론이고... 배우분들의 열연에 함께 울고 웃었습니다~ 너무 좋은 공연에 행복했었어요~ㅠㅠ",2020.06.08
뮤지컬 드라큘라 (Dracula：The Musical),4,보자아아,우나나,2020.06.08
뮤지컬 드라큘라 (Dracula：The Musical),5,짱짱짱 잘봤습니다!!,다시 또 만나요~!!!,2020.06.08
뮤지컬 드라큘라 (Dracula：The Musical),4,유명한 이유가있네요..,이ㅣ미 끝났지만요..,2020.06.08
뮤지컬 드라큘라 (Dracula：The Musical),5,"음향사고, 조명사고에 대한 언급도 없네요 실망스럽습니다",사과 정도는 있을 줄 알았는데 정말 실망입니다,2020.06.08
뮤지컬 드라큘라 (Dracula：The Musical),5,잘 봤습니다,조정은 배우님 이예은 배우님 최고!,2020.06.08
뮤지컬 드라큘라 (Dracula：The Musical),4,빨리 돌아와요,개연성 떨어지는 부분은 분명히 있지만 충분히 애절한,2020.06.08
뮤지컬 드라큘라 (Dracula：The Musical),5,마지막 공연을 관람할수 있는 영광!!,정말 행운아 인 것 같았어요..  마지막을 함께해서 좋았습니다.,2020.06.08
뮤지컬 드라큘라 (Dracula：The Musical),5,막공이란게 너무 아쉬워여,잘 봤습니다,2020.06.08
뮤지컬 드라큘라 (Dracula：The Musical),5,난 들었어 400년 간 해주는거다 류큘~,류는 류였습니다...본공연부터 관에 들어가 안식을 취하는 마지막의 마지막까지... 너무 멋있었어요 류큘 ㅠㅠㅠ제발 4연으로 또 와주세요류선녀 조합으로 회전문 뺑뺑 돌게요!!!류선녀 막공이 마티네라 못봤는데 대레전이라해서 얼마나 아쉬웠는디... 춘수님 디비디 내주세요ㅠㅠㅠㅠㅠ혼자보기 있긔없긔ㅜㅠㅠㅠ 제발~~~그동안 너무 좋았어요 드라큘라...4연으로 또봐요??,2020.06.08
뮤지컬 드라큘라 (Dracula：The Musical),4,400년간 해줘요 드라큘라,ㅇㅇㅇㅇㅇㅇㅇㅇㅇㅇㅇㅇㅇㅇㅇㅇㅇㅇㅇㅇㅇㅇㅇㅇㅇㅇㅇㅇㅇㅇㅇㅇㅇㅇㅇㅇㅇㅇㅇㅇㅇㅇㅇㅇㅇㅇㅇㅇㅇㅇㅇㅇㅇㅇㅇㅇㅇㅇㅇㅇㅇㅇㅇㅇㅇㅇㅇㅇㅇㅇㅇㅇㅇㅇㅇㅇㅇㅇㅇㅇㅇㅇㅇㅇㅇㅇㅇㅇㅇㅇㅇㅇㅇㅇㅇㅇㅇㅇㅇㅇㅇㅇㅇㅇㅇㅇㅇㅇㅇㅇㅇㅇㅇㅇㅇㅇㅇㅇㅇㅇㅇㅇㅇ,2020.06.08
뮤지컬 드라큘라 (Dracula：The Musical),5,최고였어요!,재밌었어요,2020.06.08
뮤지컬 드라큘라 (Dracula：The Musical),5,4연도 와주세요,진짜 최고ㅠㅠㅠㅠ 사랑해요,2020.06.08
뮤지컬 드라큘라 (Dracula：The Musical),5,ㅜㅠㅠㅠ 드라큘라 돌아와요,빨리 돌아와서 다시 샤롯데 꽝꽝 부수어 주세요 엉엉,2020.06.08
뮤지컬 드라큘라 (Dracula：The Musical),5,후회 없을 전석 매진 공연,전동석 배우를 보려고 몇번이고 보았던 드라큘라인데 도현 배우의 랜필드의 광기에도 홀딱 빠졌던 드라큘라이기도 했어요 마지막까지 배우님들 볼 수 있어서 즐거웠습니다 코로나 시국에 공연 중단까지 있었음에도 막공을 볼 수 있어 행복했습니다,2020.06.08
뮤지컬 드라큘라 (Dracula：The Musical),5,류정한 임혜영 배우의 호연,배우들이 연기도 잘하고 음악도 좋아서 재미있게 봤습니다,2020.06.08
뮤지컬 드라큘라 (Dracula：The Musical),5,인상적인 공연이었습니다.,여러 배우들의 막공이어서 더 분위기가 남달랐던 것 같네요. 마지막을 장식하는 배우들의 소감을 들을 수 있어서 색다른 느낌이었습니다. 너무 좋은 공연 감사했습니다.,2020.06.08
뮤지컬 드라큘라 (Dracula：The Musical),5,보고싶어요!,막공이 지났지만 다시 또 샤롯데를 들릴 것 같은 이 아쉬움 오디컴퍼니의 쌈박한^^ 일처리 덕분에 공연 내내 안심하고 볼 수 있었습니다. 사연도 곧 올라올 수 있기를 기대할께요 정말 고생 많으셨습니다.,2020.06.08
뮤지컬 드라큘라 (Dracula：The Musical),5,최고의 뮤지컬이었습니다.,판타지를 눈앞의 현실로 보여주는 2020년 상반기 최고의 뮤지컬 이었습니다.,2020.06.08
뮤지컬 드라큘라 (Dracula：The Musical),5,그리워요 드라큘라~,언제나 감동적인 공연 잘 봤습니다. 제 핵심 기억으로 남아 사연이 오를때까지 행복할 것 같습니다. 김준수 배우님 외 모든 배우분들 공연해주어서 감사합니다.,2020.06.08
뮤지컬 드라큘라 (Dracula：The Musical),5,동큘 4연에도 와주세요ㅠㅠ,"하찮은 종은 그저 기다릴뿐입니다ㅠㅠ 언제나 감사하며,언제나 순종하며ㅠㅠ 동큘만의 사춘기소년같은 드라큘라를 만나 행복했어요..  우린, 아마도 다시 만날겁니다.",2020.06.08
뮤지컬 드라큘라 (Dracula：The Musical),5,4연 기다립니다!!,류임페어로 총막공 봤습니다ㅠㅠ 역시는 역시더군요! 류큘이랑 선녀미나랑 4연 다시 손잡고 와주세요ㅠㅠ 번복환영!!,2020.06.08
뮤지컬 드라큘라 (Dracula：The Musical),5,엄청 좋았습니다,드라큘라 다시 오겠죠?? 그런데 류선녀가 없으면 무슨 의미란말임 .... ㅜㅜㅜㅜㅜ 좋은 공연 감사합니다 ㅜㅜㅜ,2020.06.08
뮤지컬 드라큘라 (Dracula：The Musical),5,최고의 공연~,최고의 공연이었습니다 ㅠㅠ 끝나다니 아쉽네요......,2020.06.08
뮤지컬 드라큘라 (Dracula：The Musical),5,울고 웃었던 공연,"김준수 드라큘라와 린지 미나 페어의 마지막 공연이라 그런지, 또 마지막 공연 주간이 되어서 그런지 관객과 배우 모두 집중력도 더 높고 텐션 높았던 것 같은 공연. 특히 유일하게 웃을 수 있는 기차역에서 탈선 애드리브 파티ㅋㅋㅋㅋ 재밌었습니다. 그러다가도 바로 she~럽킾얼로 감정 잡아버리는 모습이란 ㅠㅠㅠ  길다고 생각했던 4개월이 벌써 지나 공연 마지막주라니 ,,.. 벌써부터 드라큘라 4연이 기다려집니다.",2020.06.08
뮤지컬 드라큘라 (Dracula：The Musical),5,가지마ㅜㅜ,돌아올거지?,2020.06.08
뮤지컬 드라큘라 (Dracula：The Musical),5,보내고 싶지 않았던 드라큘라,"마지막 드라큘라 공연을 보았는데, 정말 드라큘라를 보낼 수 없는 미나의 마음이 되어  관람하게 되니 감정이 더 폭발 ㅠㅠㅠㅠ 김준수가 드라큘라 그 자체였던 공연..  또 언제 올지 모르지만 벌써부터 기다려지는 드라큘라 입니다.",2020.06.08
뮤지컬 드라큘라 (Dracula：The Musical),5,잊지못할 공연,마티네라 볼 수 있을까 하면서도 류정한배우님과 조정은배우님 페어막이 너무너무 보고 싶어서 온갖 방법을 다 써서 공연장에 도착했어요. 공연은 역시나!!!! 기대이상ㅠㅠ 너무너무 좋았고 행복했고 객석에 앉아 그 시간을 함께 할 수 있음이 정말 감사했습니다♡ 마지막 엔딩까지 먹먹하고 찡한 감동에 눈물을 줄줄 흘리며 커튼콜을 봤어요. 어쩜... 커튼콜까지 완벽한 공연 이었습니다! 류큘 선녀미나 너무너무 멋있고 예쁘고 감동이었어요♡,2020.06.08
뮤지컬 드라큘라 (Dracula：The Musical),5,김준수 배우님 막공!,끝난지 얼마안됐는데 또 보고싶네요ㅠㅠ 4연도 오겠죠ㅠㅠㅠㅠ 기다릴게요ㅠㅠㅠㅠ샤큘ㅠㅠㅠㅠ,2020.06.08
뮤지컬 드라큘라 (Dracula：The Musical),5,샤큘 최고였어요,매번 공연장을 찾게 만든 샤큘 최고였어요행복했습니다언젠가 다시 만나기를~♡,2020.06.08
뮤지컬 드라큘라 (Dracula：The Musical),5,앵콜 소취합니다,류큘 이대로 보내기 너무 아쉽습니다앵콜 안될까요아니면 딥디라도... 부탁드립니다 ㅠㅠ,2020.06.08
뮤지컬 드라큘라 (Dracula：The Musical),5,끝이라니ㅠㅠ,드라큘라 끝난게 믿기지 않네요 ㅠㅠ다시 돌아와줘요 ㅠㅠㅠㅠㅠㅠㅠㅠ,2020.06.08
뮤지컬 드라큘라 (Dracula：The Musical),5,샤큘과 함께 행복했던 4개월,끝났네요ㅠㅠㅠㅠㅠㅠㅠ샤큘 4연에도 다시 와줄꺼죠 ㅠㅠ,2020.06.08
뮤지컬 드라큘라 (Dracula：The Musical),5,샤큘의 세미막공,"미소년 샤큘의 세미막공, 임미나와의 호흡도 정말 너무 환상적이었다. 특히 여자를 웃게하는 재주가 없으신 샤큘... 하지만 오늘만큼은 눈물 흘리게 웃게 해주는 재밌는 남자!! 아니 오늘도 재밌는 남자였다. 미나님이 눈물 흘리며 대사도 못 이어갈 정도였으니..  늘 노력하고, 발전하는 그의 모습의 찬사를 보냅니다.",2020.06.08
뮤지컬 드라큘라 (Dracula：The Musical),5,류르신 세미 막공,"류르신 드라큘라의 세미 막공, 역시 프레시블러드는 류르신을 위한 넘버가 아닌가 싶다. 카리스마 넘치는 드라큘라의 모습을 그대로 재현하시는 류르신 ㅜㅜ",2020.06.08
뮤지컬 드라큘라 (Dracula：The Musical),5,가장 아름다운 입맞춤,처음으로 똑같은 뮤지컬을 또 보고 싶다고 느낀 뮤지컬이네요. 넘버도 다 좋고 무대도 웅장하고 내용도 좋았습니다. 처음엔 1층 그리고 2층에서 봤는데 어디서 보든 보는 재미가 다르게 느껴집니다. 1층에선 배우들의 표정 등 더 가깝게 볼 수 있어서 몰입감이 높아지고 2층에선 전체적인 무대를 더 넓게 볼 수 있어서 좋았습니다. 뒤늦게 보고 빠지게 된 거라 굿즈도 못 사고 아쉽지만 그래도 마지막 쯤에 한 번 더 볼 수 있어서 좋았습니다. 지방에서도 해당 뮤지컬을 한다면 보러 갈 의향이 있습니다.  오랜만에 좋은 뮤지컬 보고 갑니다. 넘버가 계속 머릿속에서 떠나질 않네요 ㅎㅎ,2020.06.08
뮤지컬 드라큘라 (Dracula：The Musical),5,김준수 드라큘라 기다립니다,ㅠㅠ코로나때문에 많이못봐서 속상,2020.06.08
뮤지컬 드라큘라 (Dracula：The Musical),5,막공 이후...,헛헛한 마음을 감출 수 없지만...곧 또 좋은 작품 좋은 모습으로 찾아 뵈어요!,2020.06.08
뮤지컬 드라큘라 (Dracula：The Musical),4,페어막,1막때 조명사고가 다소 아쉬웠지만 그 외에는 흠잡을 데 없이 좋았어요.,2020.06.08
뮤지컬 드라큘라 (Dracula：The Musical),5,동큘 이제 어디서보나,동큘 ㅠㅠㅠㅠ 내 지갑의 주인은 동큘이야...프블 럽킵얼 트시 다 좋아여진짜 성대천재 ㅠㅠㅠㅠㅠ 이제 기차씬 애드리브도 못보구 ㅠㅠㅠㅠ 잇츠오버 집어춰어어억!!! 도 못듣고...이제 어디서 동큘보냐,2020.06.08
뮤지컬 드라큘라 (Dracula：The Musical),5,최고의 막공이었어요,공연 연기 무대 음악 다 너무 좋았구 무인도 너무 좋았아요  다음 시즌 빨리 돌아오게 해 주세요  기다릴게요,2020.06.08
뮤지컬 드라큘라 (Dracula：The Musical),5,언제나 감사하며,언제나 순종하며 다음 시즌 기다리겠습니다ㅠㅠ,2020.06.08
뮤지컬 드라큘라 (Dracula：The Musical),5,추천합니다,어제 막공이었는데 벌써 다음시즌 공연이 기다려져요 최고의 배우들과 무대 연기 너무 행복했습니다,2020.06.08
뮤지컬 드라큘라 (Dracula：The Musical),5,추천합니다,음악 연기 무대 다 너무 좋았어요  저에겐 이세상 제일의 로맨스 이야기 입니다ㅜㅜ,2020.06.08
뮤지컬 드라큘라 (Dracula：The Musical),5,늘 그랬듯 재밌었습니다,다시 보고싶은데 이제 더 못 봐서 아쉽네요 너무너무 즐거운 시간이었습니다!,2020.06.08
뮤지컬 드라큘라 (Dracula：The Musical),5,보내기 아쉬운 막공,"고민하다가 막공 보러 갔는데 역시 만족스럽네요. 처음 보고 인소같은 스토리에 짜증났었는데, 레벨업 하는 것 마냥 볼수록 재밌고 마지막엔 엉엉 울었어요. 다음에도 또 와주세요!",2020.06.08
뮤지컬 드라큘라 (Dracula：The Musical),5,너무 즐거운 시간이었습니다,떠나간 게 아쉽고 다음 공연을 또 몇 년간 기다리겠네요.. 다들 고생많으셨고 마지막까지 좋은 무대였습니다!,2020.06.08
뮤지컬 드라큘라 (Dracula：The Musical),5,김준수의 샤큘 꼭 다시 돌아오길..,코로나때문에 계획했던거보다 많이 못봤어요ㅠㅠㅜ꼭 다시 돌아와주세요ㅠㅠㅠ,2020.06.08
뮤지컬 드라큘라 (Dracula：The Musical),4,재밋게 보고 왔어요~,"그냥 뮤지컬이 보고싶어서 후기 보고 찾다가 아무 사전 정보 없이 보고 왔습니다.  지금까지 봤던 뮤지컬 들 중에서 손꼽히게 파워풀한 음악들로 가득찬 뮤지컬이아서  재밋게 봤습니다.  다만, 아주 약간 부족한 느낌인 것은, 음악도 좋고 스토리도 좋고 다 좋은데  뮤지컬이 군무가 없어서 뮤지컬을 즐기는 한 축?이 조금 부족한느낌이라 별은 하나 뺏습니다.  나머지는 완벽합니다.",2020.06.08
뮤지컬 드라큘라 (Dracula：The Musical),5,다음 4연은 4년보다 더 빨리 돌아왔으면,"마지막순간까지 모두들 고생하셨습니다. 마지막 공연까지 무사히 오를 수 있어서, 볼 수 있어서 좋았습니다.",2020.06.08
뮤지컬 드라큘라 (Dracula：The Musical),4,"안녕, 드라큘라","좌석은 2층 왼블 중앙, 류정한, 임혜영, 강태을, 이충주, 김도현, 이예은 캐스팅이었어요. 저번에 보러 갔을 때 감정선이 이해되지 않는 부분이 있어서 좋아하는 배우님 연기 보려고 갔었던 건데 매무 만족하고 왔습니다. 류정한 배우님의 드라큘라는 처음이라 나이가 있으셔서 걱정됐는데 그런 걱정 일절 없이 너무 좋았고 성량을 보고 놀랬습니다. 류정한 배우님만의 디테일한 연기가 좋았던 것 같아요. 그리고 사람들이 가장 많이 아쉽다고 얘기한 게 미나의 감정선이었는데 이번 회차는 미나가 왜 그런 선택을 했는지, 왜 드라큘라에게 사랑에 빠진 건지 이해가 잘되었고 절절한 연기 덕분에 미나한테 몰입했어요. 김도현 배우님의 광기 어린 연기도 너무 좋았고 순간 제정신으로 빠져나오는 부분이 잘 보였어요. 저번에 봤을 때 미나 감정선 빼고 모두 완벽한 뮤지컬이라고 말했었는데 이번 회차는 미나 감정선까지 너무 좋아서 이번 회차가 막공이 아니었다면 더 보러갈 수도 있었을 것 같아요. 드라큘라를 떠나보낸다고 생각하니 시원섭섭하네요. 다시 돌아올 거라고 생각하고 있겠습니다. 뮤지컬 준비하신 모든 분들 고생 많으셨어요. 오디컴퍼니도 파이팅!",2020.06.08
뮤지컬 드라큘라 (Dracula：The Musical),5,최고였어요~,후회없는 류큘!,2020.06.08
뮤지컬 드라큘라 (Dracula：The Musical),5,다섯번째 관람 그리고 막공..,여태까지 샤쿨만 보다가 벌써 막공이라 그래서 후다닥 예매하고 진짜 안봤으면 큰일날뻔 했다고 느꼈지유ㅠㅠㅠ 배우분들 다들 포텐 터지고 무엇보다 충나단 드라큘라 오픈때보다  막공때가 엄청나게 성장했다고 느꼈어요.  이번에는 안울 줄 알았는데 엉엉 울다왔습니다.. 재공 또 언제쯤이나 할까요...? 그때까지 기억으로 소환하고 해야겠네유 배우분들 정말 감사하고 수고많으셨습니다!,2020.06.08
뮤지컬 드라큘라 (Dracula：The Musical),5,다시 만나면,하나하나 잊지 않도록 눈에 담아둘게요. 꼭.. 꼭 돌아와주시길.. 류큘..울림이 있는 목소리만 들어도 슬픔으로 꽉 찼는데.. 다시 이런 경험 할 수 있겠죠? 지방공연은 혹.. 안될까요??ㅠ,2020.06.08
뮤지컬 드라큘라 (Dracula：The Musical),5,우린 다시 꼭 만나게 될 겁니다!!,너무 좋은 배우들과 울고 웃었던 공연이었습니다ㅠㅠ,2020.06.08
뮤지컬 드라큘라 (Dracula：The Musical),5,최고의 뮤지컬 ㅠㅠㅠㅠ,정말 최고의 뮤지컬입니다  넘버도 배우님들의 연기도 무대효과도 너무너무 좋은 극이었어요.,2020.06.08
뮤지컬 드라큘라 (Dracula：The Musical),5,마지막까지 최고였어요!,가까운 시일 내에 꼭 다시 돌아오면 좋겠어요!,2020.06.08
뮤지컬 드라큘라 (Dracula：The Musical),5,좋은 공연,감사합니다,2020.06.08
뮤지컬 드라큘라 (Dracula：The Musical),5,마지막 공연까지 잘 봤습니다,배우 스탭 모든 관계자분들 좋은 공연 선물해주셔서 감사합니다.,2020.06.08
뮤지컬 드라큘라 (Dracula：The Musical),5,잘봤습니다.,넘버도 너무 좋았고 배우님들 연기가 대단했어요.,2020.06.08
뮤지컬 드라큘라 (Dracula：The Musical),5,잘봤습니다.,정말 만족스러운 공연이었어요.,2020.06.08
뮤지컬 드라큘라 (Dracula：The Musical),5,뮤지컬 드라큘라,동큘 최고~!!!,2020.06.08
뮤지컬 드라큘라 (Dracula：The Musical),5,별 다섯 개가 모자라요!!,"공연은 끝났지만 다음 공연을 기다리게 될 것 같습니다!! 총 5번의 공연을 봤지만 아직도 더 보고싶은 극입니다.  배우들도 너무너무 찰떡이었고 와일드혼의 노래도 좋았고  무대, 의상 다 좋았습니다.",2020.06.08
뮤지컬 드라큘라 (Dracula：The Musical),4,"마스크 코 내려 쓰고, 어셔말 안 듣고","노래 좋고, 연기 좋고, 무대 좋았습니다. 줄거리는 조금 낡은 느낌이 들지만 배우들 매우 좋았습니다.   다같이 모여서 관람하는 것도 위험한데,  서로 서로 배려하고 조심하면 좋을 것을 마스크 코 내려 쓰고, 어셔말 안 듣는 사람 엄청 많더군요.",2020.06.08
뮤지컬 드라큘라 (Dracula：The Musical),5,최고의 러브스토리,동큘 최고에요...... 너무 사랑스러운 드라큘라이었습니다. 동큘 보낼 수가 없네요 ㅠㅠㅠㅠ 빨리 돌아오길 간절히 기다리고 있습니다.,2020.06.08
뮤지컬 드라큘라 (Dracula：The Musical),5,정말 좋은 공연이었습니다,김준수 드라큘라가 인상적이었어요.,2020.06.08
뮤지컬 드라큘라 (Dracula：The Musical),5,사연도 기다릴게요,꼭 다시 돌아와라 ㅠㅠ,2020.06.08
뮤지컬 드라큘라 (Dracula：The Musical),5,최고였던 페어막,ㅠㅠㅠㅠ 삼연 많이 사랑했어요,2020.06.08
뮤지컬 드라큘라 (Dracula：The Musical),5,4연,꼭 필요해욬ㅋㅋ 헤어나올수없으메,2020.06.08
뮤지컬 드라큘라 (Dracula：The Musical),5,정말 최고의 공연,멋잇고 또 멋잇고 감동적이었습니다,2020.06.08
뮤지컬 드라큘라 (Dracula：The Musical),5,드라큘라,"모든 배우들 넘버,연기 클린해서 관람내내 광대승천하며 재밌게 봤어요 기차씬 배우의 애드립에 빵 터지기도 하고 피날레 넘버는 너무 애절해서 눈물 쏙 빼고ㅠ",2020.06.08
뮤지컬 드라큘라 (Dracula：The Musical),4,끝나서 아쉽습니다,좋아했던 작품이었는데 끝나서 많이 아쉽습니다 중간에 공연이 중단되어서 공연 기간이 더 짧게만 느껴졌어요 꼭 다시 무대에서 보고 싶은 작품입니다,2020.06.08
뮤지컬 드라큘라 (Dracula：The Musical),5,감동!,너무 절절한 연기에 눈물이... 모~든 배우님들의 열연에 박수를 보냅니다. 다음에 또 갑니다 ㅋㅋ,2020.06.08
뮤지컬 드라큘라 (Dracula：The Musical),5,최고최고,전동석 드라큘라 사연 안 오면 국가손해아닙니까,2020.06.08
뮤지컬 드라큘라 (Dracula：The Musical),5,처음과 시작을 샤큘과 함께해서 행복했습니다,빨간머리 유지해주시느라 고생 많으셨어요ㅠㅠ 피붙이같은 모자와 수없이 버려진 베갯잎에 리스펙합니다ㅠㅠ 어려운 환경속에서 공연 진행해주신 모든 분들께 감사드려요. 하루빨리 4연이 오길 기다리겠습니다.,2020.06.08
뮤지컬 드라큘라 (Dracula：The Musical),5,막공,총막너무 좋았고 다시 돌아왔으면 좋겠습니다,2020.06.08
뮤지컬 드라큘라 (Dracula：The Musical),5,밀해뭐해,류임 너무 잘한다구 ㅜㅠㅜㅠㅜ,2020.06.08
뮤지컬 드라큘라 (Dracula：The Musical),5,전동석 짱 멋짐,다시 보고 싶어요오ㅜㅠ,2020.06.08
뮤지컬 드라큘라 (Dracula：The Musical),5,넘 아쉬워요,"이제 더이상 만날수없다니... 다음에도 꼭 돌아와줘요, 류큘+조미나",2020.06.08
뮤지컬 드라큘라 (Dracula：The Musical),5,전동석-조정은 페어막공 최고였습니다,전동석-조정은 페어 막공 너무 좋았습니다 다음시즌에도 이번시즌 배우들 다 보고 싶어요.,2020.06.08
뮤지컬 드라큘라 (Dracula：The Musical),5,임미나 보고싶을거에요,멋진 연기로 글자의 빈 부분들을 채워주신 배우님들 감사합니다. 임미나 정말 그리울거에요.,2020.06.08
뮤지컬 드라큘라 (Dracula：The Musical),5,백작님 최고,영원히 오래도록 가슴속에 남아있을지어다,2020.06.08
뮤지컬 드라큘라 (Dracula：The Musical),5,사연 빨리 왔으면,힘든 시기에 행복을 준 드큘 감사했어요.,2020.06.08
뮤지컬 드라큘라 (Dracula：The Musical),5,드큘 안녕,보고싶을 거에요,2020.06.08
뮤지컬 드라큘라 (Dracula：The Musical),5,앵콜 요망,해주세요 ㅠㅠ,2020.06.08
뮤지컬 드라큘라 (Dracula：The Musical),5,공연부터 무인까지 완벽한 총막이었습니다.,"원래 이렇게까지 여러번 회전할 생각은 아니었는데...^^; 막공은 전체 배우의 무대인사가 있다길래 또 놓칠 수가 없어서 전날 급하게 남은 자리를 예매해서 갔습니다. 역시 샤롯데...사이드에는 처음 앉아봤는데 시야가 생각보다 괜찮더군요. 공연부터 무대인사까지 완벽하고 감동적이었습니다. 역사상 최고로 짧게 진행한다고 하셨는데, 길게 해도 괜찮았는데^^ 조연들과 앙상블 한명한명의 인사도 궁금했는데 아쉽네요.  ""우리가 다시 만날 수 있을지는 모르겠지만요"" ""우린 꼭, 다시 만날 겁니다""   굉장히 힘주어서 말하던데, 류큘과 선녀미나도 다시 만날수 있는 걸까요...",2020.06.08
뮤지컬 드라큘라 (Dracula：The Musical),4,좋았어요,역시 막공답네요 열심히 새로고침해서 간 보람이 느껴졌음 무대인사도 너무 좋았고요 꼭 다시 오길,2020.06.08
뮤지컬 드라큘라 (Dracula：The Musical),5,잘 봤습니다.,너무 좋았어요. 류큘 조미나 봤는데 두 분이 서사를 다 보여주시네요. 사랑합니다ㅠㅠ,2020.06.08
뮤지컬 드라큘라 (Dracula：The Musical),5,샤큘 너무나 수고했어요,사랑합니다..,2020.06.08
뮤지컬 드라큘라 (Dracula：The Musical),5,샤큘 안녕,행복했습니다. 4개월동안 매번 최고의 공연 보여주느라 수고하셨어요.,2020.06.08
뮤지컬 드라큘라 (Dracula：The Musical),5,좀 아쉽지만,좀 아쉽지만 재미있는 공연이었습니다.,2020.06.08
뮤지컬 드라큘라 (Dracula：The Musical),5,공연 너무 좋았습니다,넘버도 너무 좋고 무대전환도 진짜 대극장에 오는 맛이 나요,2020.06.08
뮤지컬 드라큘라 (Dracula：The Musical),5,샤큘 진짜 최고에요,4연 때도 꼭 다시 돌아왔으면 좋겠네요,2020.06.08
뮤지컬 드라큘라 (Dracula：The Musical),5,전동석 동큘 최고예요,전동석 동큘 최고예요전동석 동큘 최고예요전동석 동큘 최고예요전동석 동큘 최고예요전동석 동큘 최고예요전동석 동큘 최고예요전동석 동큘 최고예요전동석 동큘 최고예요전동석 동큘 최고예요전동석 동큘 최고예요전동석 동큘 최고예요전동석 동큘 최고예요전동석 동큘 최고예요전동석 동큘 최고예요전동석 동큘 최고예요전동석 동큘 최고예요전동석 동큘 최고예요전동석 동큘 최고예요전동석 동큘 최고예요전동석 동큘 최고예요전동석 동큘 최고예요전동석 동큘 최고예요전동석 동큘 최고예요전동석 동큘 최고예요전동석 동큘 최고예요전동석 동큘 최고예요전동석 동큘 최고예요전동석 동큘 최고예요전동석 동큘 최고예요전동석 동큘 최고예요전동석 동큘 최고예요전동석 동큘 최고예요전동석 동큘 최고예요전동석 동큘 최고예요전동석 동큘 최고예요전동석 동큘 최고예요전동석 동큘 최고예요전동석 동큘 최고예요전동석 동큘 최고예요전동석 동큘 최고예요전동석 동큘 최고예요전동석 동큘 최고예요전동석 동큘 최고예요전동석 동큘 최고예요전동석 동큘 최고예요전동석 동큘 최고예요전동석 동큘 최고예요전동석 동큘 최고예요전동석 동큘 최고예요,2020.06.08
뮤지컬 드라큘라 (Dracula：The Musical),5,최고입니다.,최고입니다.,2020.06.08
뮤지컬 드라큘라 (Dracula：The Musical),5,드라큘라 꼭 다시 돌아와주쎄용,빠른시일내에...!,2020.06.08
뮤지컬 드라큘라 (Dracula：The Musical),5,전동석 동큘 최고예요,전동석 동큘 최고예요전동석 동큘 최고예요전동석 동큘 최고예요전동석 동큘 최고예요전동석 동큘 최고예요전동석 동큘 최고예요전동석 동큘 최고예요전동석 동큘 최고예요전동석 동큘 최고예요전동석 동큘 최고예요전동석 동큘 최고예요전동석 동큘 최고예요전동석 동큘 최고예요전동석 동큘 최고예요전동석 동큘 최고예요전동석 동큘 최고예요전동석 동큘 최고예요전동석 동큘 최고예요전동석 동큘 최고예요전동석 동큘 최고예요전동석 동큘 최고예요전동석 동큘 최고예요전동석 동큘 최고예요전동석 동큘 최고예요전동석 동큘 최고예요전동석 동큘 최고예요전동석 동큘 최고예요전동석 동큘 최고예요전동석 동큘 최고예요전동석 동큘 최고예요전동석 동큘 최고예요전동석 동큘 최고예요전동석 동큘 최고예요전동석 동큘 최고예요전동석 동큘 최고예요전동석 동큘 최고예요전동석 동큘 최고예요전동석 동큘 최고예요전동석 동큘 최고예요전동석 동큘 최고예요전동석 동큘 최고예요전동석 동큘 최고예요전동석 동큘 최고예요전동석 동큘 최고예요전동석 동큘 최고예요전동석 동큘 최고예요전동석 동큘 최고예요전동석 동큘 최고예요전동석 동큘 최고예요전동석 동큘 최고예요전동석 동큘 최고예요전동석 동큘 최고예요전동석 동큘 최고예요전동석 동큘 최고예요,2020.06.08
뮤지컬 드라큘라 (Dracula：The Musical),5,우린 꼭 다시 만나게 될 겁니다,꿈 같은 삶... 완벽한 드큘.. 눈 앞에 선명한데.. 내 마음은 왜 안개처럼 흐려지나...  날 사랑한.. 내가 사랑한..  드큘을 찾았는데 알 수 없이 공연종료 돼버렸네...  그댄 내 삶의 이유..  나를 살게 한 회전극...ㅠㅠ   당신들은 최고였습니다. 꼭 4연 돌아오세요..    OST & DVD 소취 그게 안돼면 유튜브라도 올려주세요  찍어놓은 거 많잖아ㅠㅠㅠㅠㅠㅠㅠㅠㅠㅠ,2020.06.08
뮤지컬 드라큘라 (Dracula：The Musical),5,꼭 다시 만날겁니다.,긴 공연기간동안에도 모두 함께 행복했던 시간. 모든 배우들 감사합니다! 꼭 모두 함께 4연에서 만나길!!,2020.06.08
뮤지컬 드라큘라 (Dracula：The Musical),5,드라큘라 강력추천합니다.,드라큘라 너무 잘 봤습니다.,2020.06.08
뮤지컬 드라큘라 (Dracula：The Musical),5,최고의 샤큘,"무대위 김준수 배우는 드라큘라 그 자체! 강렬하고 매력적인, 그 만이 채울 수 있는 에너지- 모든것이 완벽한 샤라큘라. 감사합니다-",2020.06.08
뮤지컬 드라큘라 (Dracula：The Musical),5,위대한 입맞춤,"왜 류정한배우님이 오래토록 사랑받는지 느낄 수 있는 공연이었습니다. 이대로 끝나는거 너무 아쉬운데, 중간에 중단됐던 기간만큼 연장하거나 앵콜 했으면 좋겠습니다.",2020.06.08
뮤지컬 드라큘라 (Dracula：The Musical),5,배우들의 모든 것을 쏟아 부은 공연,"류정한, 임혜영, 강태을, 이충주, 이예은, 김도현 배우님들 캐스팅으로 막공 봤습니다. 진심으로 본인들의 모든 것을 쏟아 부은 듯한 공연이었습니다. 연기, 노래, 무대, 음악, 조명 전부 완벽한 공연이었습니다. 긴 시간 고생하고 노력하신 부분들이 너무 잘 보여서 한편의 영화를 보는 것 같기도, 그림을 보는 것 같기도 했습니다. 드라큘라 백작의 감정선이 너무 잘 보여서 몰입하기에도 좋았구요 전반적으로 황홀했습니다. 내년에도 또 하셨으면 좋겠어요!",2020.06.08
뮤지컬 드라큘라 (Dracula：The Musical),5,좋아요,좋아요,2020.06.08
뮤지컬 드라큘라 (Dracula：The Musical),5,좋은공연,막공이라니 믿을 수가 없네요 연장 공연 앵콜공연 해주세요 무대인사 촬영 못한 것 정말 아쉽습니다 총막공 분위기는 어딘지 모르게 약간 들뜨게 마련인데 그런 것 없이 공연의 정석을 보여주신 모든 배우분들 정말 멋졌습니다 최고의 공연이었습니다 이제 없다니 정말 아쉽네요,2020.06.08
뮤지컬 드라큘라 (Dracula：The Musical),5,잘 보았어요,코로나 위기속에 끝까지 잘 마무리되어 다행이에요. 너무 재밌게 잘 보았어요.,2020.06.08
뮤지컬 드라큘라 (Dracula：The Musical),5,샤큘 또 보고싶어요ㅠㅠ,김준수 배우님 진짜 최고였습니다!! 또 보고싶은데 이제 당분간 볼 수 없다는게 너무 슬프네요 곧 드라큘라 사연으로 오시리라 믿습니다,2020.06.08
뮤지컬 드라큘라 (Dracula：The Musical),5,드라큘라,멋진 공연 볼 수 있어 즐거웠습니다. 4연 공연이 올라오길 기대합니다.,2020.06.08
뮤지컬 드라큘라 (Dracula：The Musical),5,류조페어 최고네요,류조 페어 최고였어요. 마지막이 아쉽습니다.,2020.06.08
뮤지컬 드라큘라 (Dracula：The Musical),5,아쉬워요,끝나버린 드라큘라 너무 아쉽네요. 너무 재미있게 잘 보았어요.,2020.06.08
뮤지컬 드라큘라 (Dracula：The Musical),5,드라큘라,막공 하나 남은게 너무 아쉬울 정도로 너무 멋진 공연이었습니다.,2020.06.08
뮤지컬 드라큘라 (Dracula：The Musical),5,즐거웠던막공,마지막까지 다 털어내고 가는 느낌 즐거운 막공이었다 또 보고싶은데 없네요 아쉽네요 배우들의 연기 넘버 다 좋았어요,2020.06.08
뮤지컬 드라큘라 (Dracula：The Musical),5,4연 기다릴게요,꼭 돌아와주세요 ㅠㅠㅠㅠㅠㅠㅠㅠ,2020.06.08
뮤지컬 드라큘라 (Dracula：The Musical),5,못 떠나 보낼 나의 드라큘라,어제 총막공까지 끝났네요그런데 아직 공연이 남은 것 같고또 예매 전쟁을 할 것 만 같은 이 느낌 뭘까요아직 보내긴 공연을 중단했던 3주가 아쉽네요.개인적으로 힘들었던 순간 미나를 만났다는 린지배우님 말처럼 저도 개인적으로 힘든 순간 드라큘라라는 뮤지컬을 만나 넘버로 많은 위로를 받았습니다.배우님들 스태프님들 모두 수고하셨고 건강히 공연 끝내주셔서 감사합니다.우린 결국 다시 만나게 될 겁니다.사랑합니다 드라큘라*^^*,2020.06.08
뮤지컬 드라큘라 (Dracula：The Musical),5,3번의 계절이 바뀌는 동안 샤큘 덕분에 행복했어요~,"마지막 공연까지도 김준수 배우는 새로운 애드립과 디테일로 사람을 놀래키는군요. 이제 더는 볼 수 없다는게 너무 슬퍼요. 다음 공연때도 와주세요 샤큘ㅠㅠ 좋은 공연으로 4개월간 너무 행복했습니다~ It''s over, but life after life ^.^",2020.06.08
뮤지컬 드라큘라 (Dracula：The Musical),5,다음 시즌에도 좋은공연 보고싶어요.,취소도 되고 아쉬움도 남는 시기였지만 매 회차 최고였습니다.,2020.06.08
뮤지컬 드라큘라 (Dracula：The Musical),5,드라큘라,다시 내게 돌아와 나와 춤춰요 새벽을 향하여..,2020.06.08
뮤지컬 드라큘라 (Dracula：The Musical),5,뮤지컬 드라큘라 (Dracula：The Musical),뮤지컬 드라큘라 (Dracula：The Musical),2020.06.08
뮤지컬 드라큘라 (Dracula：The Musical),5,드라큘라,우린 꼭 다시 만나개 될겁니다,2020.06.08
뮤지컬 드라큘라 (Dracula：The Musical),5,드라큘라,"2020년 6월 5일 8시 드라큘라동큘,조미나 페어막ㅠㅠㅠㅜ",2020.06.08
뮤지컬 드라큘라 (Dracula：The Musical),5,드라큘라,"2020년 6월 5일 8시 드라큘라동큘,조미나 페어막ㅠㅠㅠㅜ",2020.06.08
뮤지컬 드라큘라 (Dracula：The Musical),5,당신의 자리를 찾아 돌아와요,빠른 4연으로ㅠㅠㅠㅠㅠㅠ 류큘 ㅠㅠㅠㅠㅠㅠ,2020.06.08
뮤지컬 드라큘라 (Dracula：The Musical),5,우린 다시 만나게될거예요,그러니 어서 4연 데리고 와줘요. 류큘. 꼭 다시 오세요ㅠㅠㅠㅠㅠ,2020.06.08
뮤지컬 드라큘라 (Dracula：The Musical),5,재밌었어요!!,너무 재밌었습니다!!,2020.06.08
뮤지컬 드라큘라 (Dracula：The Musical),5,최고에요!!,최고의 공연이었습니다!!,2020.06.08
뮤지컬 드라큘라 (Dracula：The Musical),5,잘 봤습니다!,재밌게 잘 봤습니다~~^ㅡ^,2020.06.08
뮤지컬 드라큘라 (Dracula：The Musical),5,Good,코로나때문에 많이 못봐서 아쉬워요.다음에 코로나 없을때 이 캐슷으로 다시 오면좋겠네요. ㅠㅠ,2020.06.08
뮤지컬 드라큘라 (Dracula：The Musical),5,류정한 임혜영 역시 잘하네요!,드큘이란 작품이 한층 더 돋보이게 하는 연기와 목소리 최고이십니다!!,2020.06.08
뮤지컬 드라큘라 (Dracula：The Musical),5,아름다운 사랑,멋진 이야기,2020.06.08
뮤지컬 드라큘라 (Dracula：The Musical),4,류큘 세미막 총막공 감상,6/6 2시 6/7 7시 류정한 임혜영 회차. 이제 드라큘라도 다 끝났다. 그동안 어려운 고비 넘겨가며 무사히 열연한 모든 배우들과 스텦들 수고하셨습니다. 류정한 배우의 드라큘라를 4회 보았는데 역시 드라큘라 역은 근본적으로 그에게 안어울리는 걸로. 중고음 고음 부분에서 음정 다 틀리시고 목소리도 연기도 전체적으로 불안불안. 뮤지컬계 원로이자 대선배님의 스페셜 찬조 출연이면 몰라도 총막공의 주연과 사회를 그에게 맡겼다는 것은 역시 뮤지컬계도 관료주의와 서열주의가 지배한다라는 생각이 들어서 씁쓸했다. 임혜영 미나는 이번 드큘 삼연을 통해 가장 성장한 배우인 듯. 감정연기는 더욱 물이 오르고 넘버 소화력이 초반과 후반이 같은 배우라는게 믿기지 않을 정도로 좋아졌다. 그동안 총 40회가 넘는 관극을 통해 개인적으로 애정극이 되었는데 보내려니 섭섭하다. 사연이 언제 올지는 모르지만 적어도 10주년이되는 2024년에는 드라큘라를 또 볼 수 있기를 기대해 봅니다,2020.06.08
뮤지컬 드라큘라 (Dracula：The Musical),5,다음시즌도 기대되는 뮤지컬,코로나에도 불구하고 매 회차 최고의 공연을 보여주신 배우님들. 스태프분들 너무 감사합니다.,2020.06.08
뮤지컬 드라큘라 (Dracula：The Musical),5,10년 이상 유망주였던 전동석 배우...,이 극을 통해 확실한 스타 뮤지컬 배우로 자리매김 할 듯. 다시 봤습니다.,2020.06.08
뮤지컬 드라큘라 (Dracula：The Musical),5,뒤늦게 치여서,마지막 일주일을 남겨놓고 치여서 세 번 밖에 못 봤는데 아쉬움이 많아요. 어서 빨리 돌아오면 좋겠어요,2020.06.08
뮤지컬 드라큘라 (Dracula：The Musical),5,샤큘 사랑해요!,"그댄 내 삶의 이유, 나를 살게 한 첫사랑  loving you keeps me alive 를 들을 때 절절하고 몰입되어서 눈물을 흘릴 뻔 했어요..   무대 볼거리도 화려하고, 스토리, 넘버, 연기 모든 게 좋은 뮤지컬이었습니다!   4연을 기다립니다!!",2020.06.08
뮤지컬 드라큘라 (Dracula：The Musical),5,류정한 배우님 정말 최고예요,평생 잊지못할 완벽한 공연 감사합니다,2020.06.08
뮤지컬 드라큘라 (Dracula：The Musical),5,너무 재밌었어요,소중한 기억이 될거가타요,2020.06.08
뮤지컬 드라큘라 (Dracula：The Musical),5,최고예요,주조연 배우들 모두 정말 최고였어요,2020.06.08
뮤지컬 드라큘라 (Dracula：The Musical),5,류큘&조미나 사랑해요.,류큘 조미나 회전 돌았다. 최고의 공연들을 마음껏 잘 봤고 여한이 없다. 다만 기억이 점차 옅어지는 것이 아쉽다. 다른 극에서도 류조 페어는 무조건 볼꺼다. 사랑해요!,2020.06.08
뮤지컬 드라큘라 (Dracula：The Musical),5,우린 곧 다시 만나게 될겁니다,너무 재밌는 공연이었습니다 또 올라왔으면 좋겠네요보면서 행복했습니다,2020.06.08
뮤지컬 드라큘라 (Dracula：The Musical),5,정말 좋은 공연,왜 다들 류큘류큘하는지 이유가 있었다ㅜㅜ,2020.06.08
뮤지컬 드라큘라 (Dracula：The Musical),5,드큘,벌써 총막이 끝났다니ㅠㅠ 드큘 최고였어요,2020.06.08
뮤지컬 드라큘라 (Dracula：The Musical),5,드큘,드큘드큘드큘드큘 넘버가 중독적ㅠㅠ,2020.06.08
뮤지컬 드라큘라 (Dracula：The Musical),5,잘 봤습니다.,재밌게 봤어요.,2020.06.08
뮤지컬 드라큘라 (Dracula：The Musical),4,마지막이었는데 정말 좋았습니다!,"이번 시즌 드라큘라 마지막 관람이었는데 정말 좋았습니다!  무엇보다 조정은 배우에게 다시 한 번 푹 빠지게 되었어요. 드라큘라가 주인공인 극이지만, 미나에게 자꾸 집중하게 되네요.  모두가 어려운 시기인데 공연 끝까지 완주하게 된 걸 툭하드리고, 다음 시즌에 또 한 번 미나로 출연해주셨으면 좋겠습니다.",2020.06.08
뮤지컬 드라큘라 (Dracula：The Musical),5,류정한 전동석 최고,너무 즐거웠어요 특히 류정한배우님 너무 잘하세요 보는내내 디테일한 요소에 놀랐어요 코로나때문에 약 2주 못본 공연.. 드라큘라 4연 빨리 왔으면 좋겠습니다.,2020.06.08
뮤지컬 드라큘라 (Dracula：The Musical),5,잊을 수 없는 공연이었습니다.,김준수 드라큘라 삼연의 마지막 공연.   한곡한곡 집중해서 부르는 것이 느껴졌어요. 다른 배우들도 마찬가지고요.   이제 4연을 기쁜 마음으로 기다립니다.,2020.06.08
뮤지컬 드라큘라 (Dracula：The Musical),4,만족스러운 공연,초 재연 모두 음향이 썩 훌륭하진 않은 공연장에서 봤던지라 삼연은 상대적으로 만족도가 높습니다. 가사가 잘 들려서 집중도가 높아지네요. 세트는 극장에 비해 조금 큰 감이 없지 않지만 웅장한 느낌이 잘 전달됩니다. 배우들의 열연이 매우 즐거운 공연입니다. 다만 재연에서 추가된 부분을 조금 더 매끄럽게 다듬었으면 하는 아쉬움이 있네요. 퀸시가 조나단에게 칼 주는 부분은 퀸시의 죽음에 대한 복선인데 칼 주는 부분은 남기고 죽음은 빠지니 맥락 없는 장면이 되어버립니다. 재연버전 마지막 장면에 있던 미나의 십자가를 조나단이 주워드는 장면도 다시 들어가면 좋을거 같고요.,2020.06.08
뮤지컬 드라큘라 (Dracula：The Musical),4,만족스러운 공연,초 재연 모두 음향이 썩 훌륭하진 않은 공연장에서 봤던지라 삼연은 상대적으로 만족도가 높습니다. 가사가 잘 들려서 집중도가 높아지네요. 세트는 극장에 비해 조금 큰 감이 없지 않지만 웅장한 느낌이 잘 전달됩니다. 배우들의 열연이 매우 즐거운 공연입니다. 다만 재연에서 추가된 부분을 조금 더 매끄럽게 다듬었으면 하는 아쉬움이 있네요. 퀸시가 조나단에게 칼 주는 부분은 퀸시의 죽음에 대한 복선인데 칼 주는 부분은 남기고 죽음은 빠지니 맥락 없는 장면이 되어버립니다. 재연버전 마지막 장면에 있던 미나의 십자가를 조나단이 주워드는 장면도 다시 들어가면 좋을거 같고요.,2020.06.08
뮤지컬 드라큘라 (Dracula：The Musical),4,만족스러운 공연,초 재연 모두 음향이 썩 훌륭하진 않은 공연장에서 봤던지라 삼연은 상대적으로 만족도가 높습니다. 가사가 잘 들려서 집중도가 높아지네요. 세트는 극장에 비해 조금 큰 감이 없지 않지만 웅장한 느낌이 잘 전달됩니다. 배우들의 열연이 매우 즐거운 공연입니다. 다만 재연에서 추가된 부분을 조금 더 매끄럽게 다듬었으면 하는 아쉬움이 있네요. 퀸시가 조나단에게 칼 주는 부분은 퀸시의 죽음에 대한 복선인데 칼 주는 부분은 남기고 죽음은 빠지니 맥락 없는 장면이 되어버립니다. 재연버전 마지막 장면에 있던 미나의 십자가를 조나단이 주워드는 장면도 다시 들어가면 좋을거 같고요.,2020.06.08
뮤지컬 드라큘라 (Dracula：The Musical),5,좋았습니다.,배우분들도 정말 잘하시고 회전무대가 너무 예뻤어요.,2020.06.08
뮤지컬 드라큘라 (Dracula：The Musical),5,소중했던 순간들,객석에 앉아있는 내내 행복한 마음뿐이었어요 드라큘라 고마웠어요 안녕,2020.06.08
뮤지컬 드라큘라 (Dracula：The Musical),5,사랑했어요 정말 많이,드라큘라 4연 기다릴게요 많이 사랑했어요 정말동큘 류큘 조미나 임미나 좋은 기억 남겨줘서 고맙습니다,2020.06.08
뮤지컬 드라큘라 (Dracula：The Musical),5,안녕,다시만날꺼죠,2020.06.08
뮤지컬 드라큘라 (Dracula：The Musical),5,굳굳,류큘 정말 품위있고 고귀한 백작님 느낌이어서 멋있었습니다!무대도 화려하고 넘버도 좋고...지루할 틈 없는 공연이었어요.기회가 된다면 다시 보고 싶네요 ㅠㅠ,2020.06.08
뮤지컬 드라큘라 (Dracula：The Musical),5,류큘 세미막공,기대하던 류큘 공연 정말 너무 좋았어요류큘 4연에도 돌아오실꺼죠?? 꼭 오셔야해요 ㅠ.ㅠ막공이 너무 아쉽고 코로나 때문에 많이 못본거 너무 후회되요,2020.06.08
뮤지컬 드라큘라 (Dracula：The Musical),5,너무 좋았어요,동큘 도라와...,2020.06.08
뮤지컬 드라큘라 (Dracula：The Musical),5,잘봤습니다,류정한ㅠㅠ그만 백작님에게 유일한 빛과 구원을 주세요ㅠㅠ,2020.06.08
뮤지컬 드라큘라 (Dracula：The Musical),5,동큘,동큘 선녀미나 완전 좋았어요 ㅜㅜ 그리울꺼에요ㅠㅠ,2020.06.08
뮤지컬 드라큘라 (Dracula：The Musical),5,재밌어요,드라큘라가 유명해서 관람했는데 재밌었어요,2020.06.08
뮤지컬 드라큘라 (Dracula：The Musical),5,최고의 막공이었어요!,모든 것이 완벽한 최고의 막공이엇어요. 행복한 4개월이었습니다.,2020.06.08
뮤지컬 드라큘라 (Dracula：The Musical),5,드라큘라,정말 최고의 공연이었습니다. 류정한배우님 임혜영배우님 노래도 연기도 너무너무 잘하세요!! 넘버도 너무 좋고 무대도 좋고 정말 만족스러웠습니다. 다음에도 꼭 다시 돌아와주세요!,2020.06.08
뮤지컬 드라큘라 (Dracula：The Musical),5,4연 기다려요,동선녀 꼭꼭 4연 와주세요 ㅠㅠ,2020.06.08
뮤지컬 드라큘라 (Dracula：The Musical),5,드라큘라,빠른 시일 내에 다시 보고 싶어요.... OST나 DVD와 함께....하필 이런 시국에 공연이 겹쳐서 취소당한 표가 몇 개인지ㅠㅠ쉬~러빙유까지 정말 이 장면만으로 표값이 아깝지 않았어요.,2020.06.08
뮤지컬 드라큘라 (Dracula：The Musical),5,좋아요,좋아요.......,2020.06.08
뮤지컬 드라큘라 (Dracula：The Musical),5,ㅠㅠㅠㅠㅠㅠ끝내지마세요,류큘 더 주세요ㅠㅠㅠㅠㅠ,2020.06.08
뮤지컬 드라큘라 (Dracula：The Musical),5,최고였어요,이제 더 없다는 게 아쉽고 코로나가 밉고 동큘은 념념굿,2020.06.08
뮤지컬 드라큘라 (Dracula：The Musical),5,드라큘라_0607_류큘,"포인트 응모용 개인공간 후기 복붙.1막류큘 성대 갈아끼우고 나왔다. 다른 설명이 더 필요한가.임미나도 연기 좋고 루시랑 간택송 부를 때 귀여워 죽는 줄 알았어 으아아앜ㅋㅋㅋㅋㅋㅋㅋ근데 류큘 진짜 뭐 남은 게 없다...기억이 없다...나 분명 막 봤는데 왜때문에...아 십자가 씬에서 칼 꽂으며 날 저주해인지 널 저주해인지 애매하다 암튼 그거 류큘 디테일 대사 치고 나서 뛰어내리며 오늘도 아 신이여 신이여 제발 그녀를 살려주세요 한다...신을 저주해도 신에게 의지하는 인간적인 캐릭터라던 말이 떠오르고 울고 싶고...아 오늘 임미나는 왠지 윗비베이에서 류큘이 루시 꼬여내서 정말 모르겠어?! 할 때 본능적으로 류큘을 알아본 거 같은 느낌이었다 무의식에서 알기 때문에 더 격렬하게 부정하는 느낌.어제 본 임미나는 루시가 물리는 때에 틀어올린 머리 그거 할 때 왼쪽의 가발 고정핀이 튀어나온 게 보였다는 게 오늘 보면서 생각남ㅋㅋㅋㅋㅋㅋㅋ그거 말고는 진짜 생각나는 게 없다 류큘 진짜 대박...호흡 흔들리는 것도 발성 떨리는 것도 성량 부족한 것도 없어 그냥 완벽하다. 다른 배우들도 이 악물고 스스로의 역량을 갈아넣는 거 같다. 코로나 끝의 총막이래서 그래요? 그런 거예요??? 이렇게 공연을 해 놓고 드큘 보내라고? 말이 되냐 그게??? 오디놈아 딥디 내놔라...내놔...2막어...무대인사 보고 나니까 기억 사라졌는데 어쩌지일단 류큘이 진짜 넘사벽으로 잘하긴 했는데 다른 배우들도 자기 역량 이상으로 끌어낸 느낌이었다 진짜진짜 합도 잘 맞고 너무 잘했어. 코로나 때문에 한이라도 쌓여 있던 걸까 싶을 정도로.동큘은 엔딩 때 당신이 저렇게 죽는 모습을 보는 게 무서워요였나 할튼 자기가 무섭다는 뉘앙스였는데 류큘은 ~하는 걸 나보고 보고만 있으라고?!였다. 네가 그렇게 되는 모습을 내가 보고만 있을 순 없다...였는데 아니 님이 꼬셨잖아요;충나단 매번 미나 목소리 이기려고 들었는데 오늘은 동큘 때도 그렇고 류큘 때도 그렇고 너무 힘주지 않고 힘 좀 뺀 듯한 느낌이었다 그래서 더 화음 자연스레 어우러졌고 좋았어.잇츠오버 때 미나 쓰러지기 직전에 류큘 놀라서 눈 커지는 거 너무 잘 보였고 좋았고...좋다는 말 말고 더 할 수 있는 말이 뭐가 있지 있긴 있을 건데 생각이 안 나네. 그만큼 좋았어서 그런가. 진짜 좋았는데 아 이게 끝이라니 말도 안 돼 으허헝ㅠㅠ(+뒤늦은 추가. 잇츠오버 때 임미나가 류큘 왼무릎 붙잡으며 말렸고, 동큘은 나무못을 바닥에 내던지고 뛰쳐나갔는데 류큘은 미나-!!! 하고 부르짖고 나무못은 손에서 힘이 빠진 듯 툭 떨어뜨리고 창문 나감. 해석이 쪼끔씩 다른 게 이렇게 티가 나면 너무 좋은 것입니다)무대인사 때 류큘이 관에서 나올 때 폴짝 뛰어내리니까 다른 캐스트들이 전부 다 맞춰서 폴짝 뛰어줬닼ㅋㅋㅋㅋㅋ뮤지컬 역대 가장 짧은 무대인사를 보여주겠다더니 오케스트라가 시간 잰다고 하면서 너무 길다 싶으면 반주음 깔겠다고 하고 음감님에게 어떤 반주인지 들려달라 하니까 딴딴딴딴딴따 하는 반주음ㅋㅋㅋㅋㅋ(장례식 직후 드라큘라 등장하며 라앺라로 넘어가는 그 음. 이거 드라큘라 영원할 거라는 4연 예고지 그렇지? 그땐 딥디도 들고 올 거지???)혜영미나 때랑 조미나 때(무대 위로 배우들 소환했음)도 깔렸던 거 같은데 일단 내 기억엔 임미나가 마이크 받는 타이밍 늦어갖고 반주 깔리고 엄청 귀엽게 이것도 시간에 들어가나요 하고 물어보고 일동 엄마미소.손헬싱은 막 이거 감사하다 저거 감사하다 어쩌구저쩌구 하다가 반주 깔리고(길긴 길었어) 중간에 조미나님이 길어지면 여러분도 곤란하실 테고 했는데 누군가가 택시 타고 가면 돼요!!! 했다. 뉘신지 모를 그분 심정 제 심정. 이러려고 돈 버는 거 아니겠냐며.그거 말고는 진짜 기억 안 난닼ㅋㅋㅋㅋㅋ아 루시!! 예은루시 결혼한다는 거랑(축하해요 행복해야 해요 영원한 사랑을 기도해요) 랜필드 배우가 3년째 샤롯시 지박령이 되었던 거 이제 떠난다고 하면서 울먹울먹ㅠㅠ동큘이 자기 막공 때 샤롯데 1년 있었다고 자기가 샤롯데 귀신이 된 거 같다고 했는데 랜필드 배우님이 그거 얘기하면서 자기는 샤롯데 지박령이라고, 이제 벗어나는데 너무 아쉽다고 정말 다들 감사하다고 하면서 울먹울먹ㅠㅠ울지 마ㅠㅠ또 오면 되지ㅠㅠ아 그리고 퀸시 아더 잭 3인방이 같은 방 쓰는데 아더 배우님이 밥을 그렇게 챙긴다고ㅋㅋㅋ잭 배우님이 밥 굶으려 하면 데리고 나와서 먹인다고ㅋㅋㅋㅋㅋㅋㅋ찐 한국인이다 그쵸 사람은 밥심으로 살죠ㅋㅋㅋ잘한다 잘한다!!아ㅏㅏㅏㅏ맞다 조정은 배우님이 자기가 연기할 땐 이 정도일 줄 몰랐는데 공연 보니까 진짜 재밌기도 하고, 흰 셔츠에 검은 바지 입고 애원하는 드라큘라가 정말 매력적이랬나 좋댔나, 사람들이 왜 드라큘라라는 공연을 좋아하는지 알겠다고 그랬다ㅋㅋㅋㅋㅋㅋ 미나 배우로서 세 드라큘라에게 사랑받는 동안 행복했다고도ㅋㅋㅋㅋㅋㅋㅋ그걸 보는 저도 행복했어요 으헝헝ㅠㅠㅠㅠ그 외엔 잘 생각 안 나고...능력자님들이 기억해서 올려주시지 않을까 집단지성 믿습니다.아참 마지막 커튼콜 때 류큘이 무릎 꿇고 큰절하더니(꺄아아아아악 아아아아아악) 손인사 날리고 팔짱 끼며 관짝 안 닫고 끝났음.정말 목 쉬도록 환호했다 무대인사 중간에 물 마셨는데도 목이 갔다...+기차 씬 러빙유 부를 때 류큘이 기도 손 했다. 손가락 끝까지 맞닿게 모으는 그거. 내게로 와달라고 기도하고 매달리는 거 같았어.(머리 박음)",2020.06.08
뮤지컬 드라큘라 (Dracula：The Musical),5,사랑해요 류선녀,류선녀 평생 드큘미나해,2020.06.08
뮤지컬 드라큘라 (Dracula：The Musical),5,위대한 사랑,최고였습니다  벌써 4연이 기다려집니다,2020.06.08
뮤지컬 드라큘라 (Dracula：The Musical),5,사랑해요 류정한,평생 드큘해주세요,2020.06.08
뮤지컬 드라큘라 (Dracula：The Musical),5,좋아요,재밌었어요,2020.06.08
뮤지컬 드라큘라 (Dracula：The Musical),5,드라큘라_0607_동큘,"개인공간 후기 포인트 응모용으로 복붙.1막동큘 포텐셜 미쳤는데? 막공이라 아낌없이 쏟아붓나? 그런데 린지미나 대사도 조금씩 버벅거리고, 책 읽는?거 같은 느낌이 든다. 노래는 잘하는데 딕션이 어색해...그게 아쉽네ㅠㅜ기차 씬에서도 여자를 웃게 하는 방법을, 연구를 좀 더 하셔야겠어요 이러는데 몇 번을 끊어가면서 되게 딱딱하게 말해. 막공이라 긴장해서 그런가...린지미나 처음 본 거라 잘 모르겠다.오늘 애드립은 다음에 기회가 된다면 더 연구해 오겠습니다였고 동큘 다음에 또 온다는 거지 그런 거지!!ㅠㅠ!!오늘 동큘 박력 터지는 게 결혼식 씬에서 부케 한 손으로 받더니 퇴장할 때 부케를 통로로 훅 던져 버림. 가볍게 던지는 거 같았는데 직선으로 날아가더라 이야... 이 악문 듯한 표정이 마치 이까짓 게 뭐라고! 하는 거 같았어.전체적으로 다정상냥한 드라큘라인데 특히 쉬 넘버 부른 직후에 미나가 이제 안개가 걷혀 부르기 직전에 드라큘라가 무릎꿇고 미나 마주 보며 부를 때, 미나가 기억을 떠올렸다는 것에 너무 행복해하는 표정이라 맴찢ㅠㅠ세상 다정하게 달달하게 웃는데 으아ㅠㅠ아 그리고 회춘송 때 동큘은 확실히 혀 할짝 안 하더라. 결혼식 때 생목으로 절규 안 하고, 십자가 칼 푹찍할 땐 아아악 하고.오늘 라앺라 미쳤나 중간에 워어어-! 하고 화음 애드립으로 넣더라 대박 좋았어. 그리고 루시를 박력 넘치게 돌려세운 뒤 나아가라고 밀어줄 땐 완전 살포시 밀어줰ㅋㅋㅋㅋㅋㅋ넘어질까 봐 걱정한 드라큘라냐곸ㅋㅋㅋㅋㅋㅋ린지미나 눈물연기는 잘하는데 대사 치는 거나 감정 표현하는 거 쫌만 더 부드럽게 연결시키면 안 되는 걸까ㅠㅠ아 그리고 강헬싱 처음 봤을 때보다 확연히 늘었다 오오오.맞다 루시 피를 빨 때 결혼식날 밤에, 류큘은 그냥 안아드는데 동큘은 루시 등을 토닥토닥하더라. 우리 드라큘라가 정이 많아요 크흡.+무대 양옆 조각상이 4개인데 2개하고 3개째 발쪽 근처밖에 안 보이는 자리를 r석으로 팔아먹냐? 판매처 양심 어디???2막엔딩 때 고마워요 하고 떠날게요 마저 한 뒤 입술키스했음 지금까지 계속 손키스였는데 아아악!!! 관극 포인트 뭔가 많았는데 이거 하나로 기억 휘발됐어 아아아아악아 맞아 오늘 동큘 전체적으로 연기 호흡이 쪼끔 느리고 다정하고 상냥했어 어제저녁 류큘은 버럭거리고 자기 화를 주체하지 못했다면 오늘 동큘은 화가 나도 꾹 참는 그런 거.오늘 동큘은 잇츠오버 때 미나에게 가는 조나단 노려보며 경계하다가 바로 앞의 반헬싱 보다가 퀸시 총에 맞았음ㅠㅠ드라큘라들 해석에 따라 조금씩 다른 듯?새벽 씬에서 린지미나는 촛불을 훅 불어서 끄고 손으로 가리더라. 최면 씬에서 언제부터 최면 벗어난 건지 잘 모르겠어 아직 덜 깨어난 상태라는 건 확실히 보이는데.무대인사 때 동큘이 언제 공연이 중단될지 몰라서 매번 막공처럼 연기했대 아 코 찡해ㅠㅠ쑤루시 무대인사하다 울고ㅜㅜ린지미나 힘든 시기였다고 무대 위에 많은 눈물을 쏟았다고ㅠㅠ미나로서 운 거 뜻하는 거였겠지만 맴찢ㅠㅠㅠㅠ막공 때 새빨간 마스크 쓴 분들 몇 분 계신닼ㅋㅋㅋㅋㅋ어디서 구하신 거야 귀여우셬ㅋㅋㅋㅋㅋㅋ마지막 고마워요랑 입술키스에서 다 날아갔다 생각이 안 난다...동큘 진짜 잘생겼다아아아악+잇츠오버 때 잿더미로 흩어져라 직전 대사에서 동큘이 가사 부른 직후 으하하하 하고 웃는데 그거 깜박했다 정말 패기 넘치는, 드라큘라다운 웃음이라 좋았어.",2020.06.08
뮤지컬 드라큘라 (Dracula：The Musical),5,잘봤어요,조정은 배우님최고^^,2020.06.08
뮤지컬 드라큘라 (Dracula：The Musical),5,류큘 진심 멋지다,나이를 떠나서 연기와 넘버 둘다 무대를 휘어잡아 극 몰입도 최고였다 드라큘라 넘버 무대 다 너무 좋다,2020.06.08
뮤지컬 드라큘라 (Dracula：The Musical),5,모든 게 사랑이었던 드라큘라,드라큘라 완전 좋아요!!! 류정한 배우님 조정은 배우님 ㅠㅠ 진짜 최고 합이 진짜!!! 진짜 4연때 제발 와주세요 ㅜㅜㅜㅜㅜ,2020.06.08
뮤지컬 드라큘라 (Dracula：The Musical),5,좋아요,좋아요,2020.06.08
뮤지컬 드라큘라 (Dracula：The Musical),5,드라큘라,ㅜㅜㅜㅜㅜㅜㅜㅜㅜㅜㅜㅜ,2020.06.08
뮤지컬 드라큘라 (Dracula：The Musical),5,재밌게 봤어요,전동석 배우는 드라큘라로 처음 봤는데 너무 멋있고 잘하시더라고요 무엇보다 극 넘버가 너무 좋아서 황홀했어요 스토리는 살짝 허술한 면이 있어서 다음 공연이 온다면 보강해도 좋을 것 같아요,2020.06.08
뮤지컬 드라큘라 (Dracula：The Musical),5,가지마 드라큘라 ㅠㅠㅠㅠ,"이제 끝난 건가,,,, 총막은 못보고 세미막으로 끝냈는데 ㅠㅠㅠ 류큘 4연때 돌아오기!!!!",2020.06.08
뮤지컬 드라큘라 (Dracula：The Musical),4,넘버가 좋네요,"서사는 별론데 넘버가 좋아요. 배우들도 너무 잘해주고, 랜필드역 배우 특히 더 눈에 띄었어요. 다시 올라오면 한번쯤 더 보고싶네요",2020.06.08
뮤지컬 드라큘라 (Dracula：The Musical),5,드라큘라,벌써 막공이 ㅠ 꼭 돌아오세요,2020.06.08
뮤지컬 드라큘라 (Dracula：The Musical),5,끝이라니,이제 끝났다니요ㅠㅠ,2020.06.08
뮤지컬 드라큘라 (Dracula：The Musical),5,류선녀 최고,ㅇㅇㅇㅇㅇㅇㅇㅇㅇㅇㅇㅇㅇㅇㅇㅇㅇㅇㅇㅇㅇㅇㅇㅇㅇㅇㅇㅇ주차는 불편,2020.06.08
뮤지컬 드라큘라 (Dracula：The Musical),5,드라큘라 너무 좋았어요,샤큘로 봤는데 넘넘 좋았어요,2020.06.08
뮤지컬 드라큘라 (Dracula：The Musical),5,좋아요,좋아요,2020.06.08
뮤지컬 드라큘라 (Dracula：The Musical),5,4연 기다릴게요ㅠㅠ또올거죠,우린 꼭 다시 만나게될겁니다,2020.06.08
뮤지컬 드라큘라 (Dracula：The Musical),5,좋아요,좋아요,2020.06.08
뮤지컬 드라큘라 (Dracula：The Musical),5,존잼....,볼수록 재밌어요... 앵콜공연 해주세여 ㅠㅠㅠㅠㅠㅠㅠㅠ,2020.06.08
뮤지컬 드라큘라 (Dracula：The Musical),5,동큘 제발 다시 돌아와요,제발ㅜㅠㅠㅠㅠ 목소리 얼굴 연기 뭐하나 빠짐없이 완벽ㅜㅠㅠ,2020.06.08
뮤지컬 드라큘라 (Dracula：The Musical),5,드라큘라,조정은 배우님 다음에도 꼭 미나 해주세요,2020.06.08
뮤지컬 드라큘라 (Dracula：The Musical),5,류정한 조정은 페어막공 ㅠㅠㅠㅠㅠ,4연때 돌아와요 ㅜㅜㅜㅜㅜ,2020.06.08
뮤지컬 드라큘라 (Dracula：The Musical),5,드라큘라,전동석 배우님과 조정은 배우님의 페어막공이어서 보러 갔습니다. 웅장한 무대와 배우님들의 열연에 행복한 시간이었어요!,2020.06.08
뮤지컬 드라큘라 (Dracula：The Musical),5,그동안 감사했어요!,사연으로 돌아와요ㅠㅠ,2020.06.08
뮤지컬 드라큘라 (Dracula：The Musical),5,동선녀,사랑했어요다음 시즌에도 돌아와요 ㅠㅠ,2020.06.08
뮤지컬 드라큘라 (Dracula：The Musical),5,류르신ㅠㅠㅠㅠㅠㅠㅠㅠㅠㅠ,류정한 뮤지컬 천재세요ㅠㅠㅠㅠㅠㅠㅠㅠㅠ,2020.06.08
뮤지컬 드라큘라 (Dracula：The Musical),5,류선녀 꼭 다시 돌아와요,류선녀 최고의 캐미 꼭 다시 돌아와주길,2020.06.08
뮤지컬 드라큘라 (Dracula：The Musical),5,배우들 최고!!!,최고의 공연!!!,2020.06.08
뮤지컬 드라큘라 (Dracula：The Musical),5,배우들 최고!!!,최고의 공연!!!,2020.06.08
뮤지컬 드라큘라 (Dracula：The Musical),5,재밋엇어요~~,재밋엇어요~~~,2020.06.08
뮤지컬 드라큘라 (Dracula：The Musical),5,재밋엇어요~~,재밋엇어요~~~,2020.06.08
뮤지컬 드라큘라 (Dracula：The Musical),5,드라큘라,아름다운 넘버들과 배우들의 연기로 자아내는 위대한 사랑 이야기. 제발 연장해주세요,2020.06.08
뮤지컬 드라큘라 (Dracula：The Musical),5,조아요,조아요,2020.06.08
뮤지컬 드라큘라 (Dracula：The Musical),5,드라큘라 너무 좋아요,총막을 보내는게 너무나 아쉬울 정도로ㅠㅠ정말 힘든 시기에 끝까지 함께할 수 있어서 행복했어요4연 기다릴게요ㅠㅠ,2020.06.08
뮤지컬 드라큘라 (Dracula：The Musical),5,위대한 사랑이야기,한번도 본적 없지만 드라큘라가 보여줍니다..~ 2020.06.07샤롯데씨어터 드라큘라 삼연..,2020.06.08
뮤지컬 드라큘라 (Dracula：The Musical),5,드라큘라 더 보고싶어요,왜 화요일에 회차가 없는지 ㅠㅠ 엉엉 드라큘라 가지마...,2020.06.08
뮤지컬 드라큘라 (Dracula：The Musical),5,좋았어요~,"떠나는 드큘이 너무 아쉽고, 2층에서 한 번 보고싶어서 예매했는데, 정말 행복했어요. 류정한 배우님의 드라큘라는 이번 공연 중 제겐 이날이 최고였던듯, 임혜영 배우님의 미나는 단단한 느낌이라 후회없이 자신의 길을 가는 듯 했고,  김수연 배우님의 루시는 처음이었는데 통통튀는 느낌이라 귀여웠어요. 이젠 공연이 다 끝나버려서 너무 아쉽네요.",2020.06.08
뮤지컬 드라큘라 (Dracula：The Musical),5,드라큘라.. 너무 행복했어요,후기 쓰러 들어왔다가 판매 종료 버튼에 눈물 쏟았지만.. 4연 금방 주실거라 믿으며...,2020.06.08
뮤지컬 드라큘라 (Dracula：The Musical),3,아름다운 넘버,아름다운 넘버와 배우들이 부족한 극서사를 채우는 듯.,2020.06.08
뮤지컬 드라큘라 (Dracula：The Musical),5,피 신선한 피가,날 채우리라 피 신산한 피로 영원히 살리라,2020.06.08
뮤지컬 드라큘라 (Dracula：The Musical),3,넘버와 배우,극 서사는 대단히 약한데 넘버와 배우가 강하다.,2020.06.08
뮤지컬 드라큘라 (Dracula：The Musical),5,그댄 내 삶의 이유,나를 살게 한 첫 사랑,2020.06.08
뮤지컬 드라큘라 (Dracula：The Musical),5,굿바이ㅠㅠ,금방 돌아오길!,2020.06.08
뮤지컬 드라큘라 (Dracula：The Musical),5,드큘 짱,전동석 잘생겼다,2020.06.08
뮤지컬 드라큘라 (Dracula：The Musical),5,류정한배우님,평생 무대해주새요,2020.06.08
뮤지컬 드라큘라 (Dracula：The Musical),4,이제 없음...,이제 없음.. 끝남.. 아쉬움... 또 보고싶음...,2020.06.08
뮤지컬 드라큘라 (Dracula：The Musical),4,좋았어요~,시원시원한 넘버로 내내 즐거운 관람이었습니다. 전동석 배우님의 드라큘라는 오랜만이었는데 소소하게 디테일들이 추가되어서 좀 더 즐거웠어요. 조정은 배우님의 미나는 제일 제 취향이지만 특히 최면 때 표정과 목소리 변조는 정말 최고에요. 예은 루시는 부캐 던질 때와 랖앤랖에서 정말 사랑했어요~,2020.06.08
뮤지컬 드라큘라 (Dracula：The Musical),5,드라큘라!,음악이넘좋고 류정한 진태화 임혜영배우님과 다른 모든배우들 넘 멋지시네요?,2020.06.08
뮤지컬 드라큘라 (Dracula：The Musical),5,드라큘라,굿바이.....ㅠㅠㅠㅠ,2020.06.08
뮤지컬 드라큘라 (Dracula：The Musical),5,드라큘라,굿바이.....ㅠㅠㅠㅠ,2020.06.08
뮤지컬 드라큘라 (Dracula：The Musical),5,드큘 사랑해,가지마ㅠㅠㅠㅠ 앵콜 해주세요,2020.06.08
뮤지컬 드라큘라 (Dracula：The Musical),5,드라큘라ㅠㅠ,가지마요~~ 앵콜!,2020.06.08
뮤지컬 드라큘라 (Dracula：The Musical),5,최고!,최고의 뮤지컬!,2020.06.08
